Arduino Time, Sensor 1, Sensor 2, Sensor 3, Sensor 4, Processing Time, Frame #, Condition, Pressure
315588, 0, 0, 57, 61, 443, 0, 0, 0
2332, 0, 0, 60, 60, 4153, 0, 0, 0
2348, 0, 0, 60, 60, 4175, 0, 0, 0
2419, 0, 0, 58, 62, 4239, 0, 0, 0
2429, 0, 0, 60, 60, 4252, 0, 0, 0
2455, 0, 1, 60, 61, 4275, 0, 0, 0
2464, 0, 0, 60, 59, 4286, 0, 0, 0
2485, 0, 1, 60, 61, 4305, 0, 0, 0
2500, 0, 1, 60, 62, 4324, 0, 0, 0
2526, 0, 0, 59, 60, 4345, 0, 0, 0
2531, 0, 0, 60, 62, 4354, 0, 0, 0
2551, 0, 0, 59, 62, 4374, 0, 0, 0
2567, 0, 0, 59, 61, 4389, 0, 0, 0
2582, 0, 0, 60, 61, 4402, 0, 0, 0
2603, 0, 0, 59, 61, 4422, 0, 0, 0
2613, 0, 0, 59, 60, 4437, 0, 0, 0
2633, 0, 0, 60, 61, 4454, 0, 0, 0
2649, 0, 0, 59, 59, 4470, 0, 0, 0
2663, 0, 0, 60, 62, 4487, 0, 0, 0
2683, 0, 0, 59, 62, 4507, 0, 0, 0
2694, 0, 0, 59, 60, 4527, 0, 0, 0
2714, 0, 0, 60, 61, 4541, 0, 0, 0
2714, 0, 0, 60, 61, 4569, 0, 0, 0
2760, 0, 0, 61, 62, 4592, 0, 0, 0
2781, 0, 0, 60, 63, 4601, 0, 0, 0
2796, 0, 1, 60, 64, 4619, 0, 0, 0
2811, 0, 0, 60, 63, 4641, 0, 0, 0
2832, 0, 0, 59, 62, 4653, 0, 0, 0
2847, 0, 0, 59, 62, 4681, 0, 0, 0
2863, 0, 0, 59, 61, 4687, 0, 0, 0
2882, 0, 0, 60, 61, 4706, 0, 0, 0
2903, 0, 1, 59, 63, 4722, 0, 0, 0
2918, 0, 0, 60, 61, 4739, 0, 0, 0
2933, 0, 0, 59, 62
, 4754, 0, 0, 0
2949, 0, 0, 61, 64, 4771, 0, 0, 0
2964, 0, 1, 60, 61, 4790, 0, 0, 0
2984, 0, 0, 60, 62, 4807, 0, 0, 0
3005, 0, 0, 60, 61, 4824, 0, 0, 0
3015, 0, 0, 61, 62, 4837, 0, 0, 0
3031, 0, 0, 59, 61, 4855, 0, 0, 0
3051, 0, 1, 60, 61, 4873, 0, 0, 0
3066, 0, 0, 60, 60, 4888, 0, 0, 0
3086, 0, 0, 59, 63, 4905, 0, 0, 0
3096, 0, 0, 59, 64
, 4933, 0, 0, 0
3122, 0, 0, 60, 62, 4960, 0, 0, 0
3163, 0, 0, 59, 62, 4984, 0, 0, 0
3178, 0, 0, 60, 61, 5001, 0, 0, 0
3198, 0, 0, 61, 65, 5021, 0, 0, 0
3214, 0, 0, 60, 62, 5036, 0, 0, 0
3229, 0, 0, 61, 62, 5055, 0, 0, 0
3255, 0, 0, 59, 64, 5072, 0, 0, 1
3265, 0, 0, 60, 60, 5086, 0, 0, 1
3290, 0, 1, 59, 62, 5110, 0, 0, 1
3305, 0, 0, 60, 61, 5128, 0, 0, 1
3320, 0, 0, 59, 60, 5148, 0, 0, 1
3341, 0, 0, 60, 61, 5162, 0, 0, 1
3356, 0, 1, 60, 62, 5180, 0, 0, 1
3377, 0, 0, 60, 63, 5197, 0, 0, 1
3387, 0, 1, 59, 65, 5212, 0, 0, 1
3418, 0, 1, 60, 62, 5238, 0, 0, 1
3423, 0, 0, 59, 61, 5245, 0, 0, 1
3443, 0, 0, 60, 62, 5263, 0, 0, 1
3464, 0, 0, 59, 59, 5285, 0, 0, 1
3479, 0, 0, 61, 60, 5302, 0, 0, 1
3499, 0, 0, 59, 59, 5320, 0, 0, 1
3514, 0, 0, 60, 60, 5336, 0, 0, 1
3529, 0, 1, 59, 61, 5352, 0, 0, 1
3550, 0, 0, 59, 62, 5371, 0, 0, 1
3570, 0, 0, 60, 61, 5388, 0, 0, 1
3580, 0, 0, 59, 61, 5404, 0, 0, 1
3596, 0, 0, 60, 61, 5422, 0, 0, 1
3611, 0, 0, 59, 61, 5443, 0, 0, 1
3627, 0, 0, 59, 61, 5459, 0, 0, 1
3647, 0, 0, 59, 61, 5470, 0, 0, 1
3667, 0, 0, 59, 60, 5489, 0, 0, 1
3678, 0, 1, 59, 62, 5502, 0, 0, 1
3697, 0, 2, 60, 61, 5523, 0, 0, 1
3707, 0, 0, 60, 59, 5539, 0, 0, 1
3733, 0, 0, 59, 61, 5556, 0, 0, 1
3743, 0, 0, 59, 62, 5569, 0, 0, 1
3764, 0, 0, 59, 61, 5585, 0, 0, 1
3779, 0, 1, 59, 61, 5608, 0, 0, 1
3794, 0, 0, 59, 61, 5619, 0, 0, 1
3820, 0, 0, 60, 61, 5639, 0, 0, 1
3835, 0, 0, 61, 61, 5654, 0, 0, 1
3851, 0, 0, 60, 62, 5674, 0, 0, 1
3861, 0, 0, 59, 61, 5687, 0, 0, 1
3880, 0, 1, 60, 62, 5702, 0, 0, 1
3896, 0, 0, 60, 62, 5720, 0, 0, 1
3916, 0, 1, 60, 60, 5738, 0, 0, 1
3927, 0, 1, 59, 63, 5756, 0, 0, 1
3947, 0, 0, 59, 63, 5773, 0, 0, 1
3968, 0, 0, 59, 61, 5788, 0, 0, 1
3978, 0, 0, 61, 61, 5803, 0, 0, 1
3983, 0, 0, 60, 61, 5822, 0, 0, 1
4008, 0, 0, 59, 60, 5843, 0, 0, 1
4034, 0, 0, 60, 63, 5860, 0, 0, 1
4049, 0, 2, 59, 61, 5875, 0, 0, 1
4070, 0, 0, 60, 62, 5892, 0, 0, 1
4084, 0, 0, 59, 62, 5910, 0, 0, 1
4105, 0, 0, 60, 60, 5926, 0, 0, 1
4120, 0, 0, 61, 61, 5941, 0, 0, 1
4135, 0, 0, 60, 60, 5960, 0, 0, 1
4156, 0, 1, 61, 60, 5977, 0, 0, 1
4171, 0, 0, 61, 61, 5996, 0, 0, 1
4192, 0, 1, 61, 62, 6011, 0, 0, 1
4207, 0, 0, 61, 59, 6029, 0, 0, 1
4222, 0, 0, 60, 61, 6046, 0, 0, 1
4238, 0, 0, 61, 61, 6064, 0, 0, 1
4258, 0, 1, 61, 61, 6079, 0, 0, 1
4273, 0, 0, 61, 62, 6095, 0, 0, 1
4288, 0, 0, 61, 61, 6113, 0, 1, 1
4303, 0, 0, 60, 63, 6130, 0, 1, 1
4319, 0, 2, 61, 62, 6146, 0, 1, 1
4339, 0, 0, 61, 62, 6163, 0, 1, 1
4360, 0, 0, 60, 61, 6180, 0, 1, 1
4375, 0, 0, 61, 61, 6196, 0, 1, 1
4385, 0, 1, 60, 62, 6212, 0, 1, 1
4406, 0, 0, 60, 63, 6231, 0, 1, 1
4426, 0, 0, 60, 62, 6247, 0, 1, 1
4442, 0, 0, 61, 61, 6262, 0, 1, 1
4457, 0, 1, 61, 61, 6279, 0, 1, 1
4472, 0, 1, 60, 62, 6298, 0, 1, 1
4487, 0, 1, 59, 62, 6312, 0, 1, 1
4507, 0, 0, 59, 61, 6330, 0, 1, 1
4523, 0, 0, 62, 62, 6346, 0, 1, 1
4538, 0, 0, 60, 61, 6363, 0, 1, 1
4553, 0, 0, 61, 62, 6380, 0, 1, 1
4574, 0, 0, 59, 61, 6397, 0, 1, 1
4589, 0, 0, 60, 61, 6413, 0, 1, 1
4604, 0, 0, 61, 61, 6430, 0, 1, 1
4620, 0, 0, 61, 63, 6445, 0, 1, 1
4635, 0, 1, 61, 63, 6463, 0, 1, 1
4656, 0, 1, 60, 63, 6479, 0, 1, 1
4675, 0, 2, 61, 63, 6496, 0, 1, 1
4690, 0, 0, 60, 63, 6512, 0, 1, 1
4706, 0, 0, 60, 63, 6539, 0, 1, 1
4721, 0, 0, 61, 62, 6548, 0, 1, 1
4737, 0, 1, 59, 62, 6563, 0, 1, 1
4757, 0, 1, 59, 61, 6582, 0, 1, 1
4772, 0, 0, 62, 64, 6596, 0, 1, 1
4788, 0, 1, 63, 62, 6612, 0, 1, 1
4808, 0, 2, 61, 61, 6631, 0, 1, 1
4824, 0, 0, 60, 63, 6647, 0, 1, 1
4839, 0, 1, 61, 62, 6662, 0, 1, 1
4859, 0, 0, 60, 62, 6681, 0, 1, 1
4875, 0, 1, 60, 65, 6698, 0, 1, 1
4889, 0, 1, 61, 63, 6712, 0, 1, 1
4904, 0, 1, 60, 64, 6730, 0, 1, 1
4925, 0, 0, 59, 64, 6748, 0, 1, 1
4940, 0, 0, 60, 63, 6763, 0, 1, 1
4956, 0, 0, 61, 64, 6783, 0, 1, 1
4971, 0, 0, 61, 63, 6798, 0, 1, 1
4986, 0, 0, 61, 64, 6813, 0, 1, 1
5007, 0, 0, 62, 63, 6830, 0, 1, 1
5022, 0, 0, 60, 63, 6846, 0, 1, 1
5043, 0, 0, 61, 65, 6863, 0, 1, 1
5053, 0, 0, 61, 65, 6880, 0, 1, 1
5073, 0, 0, 61, 66, 6898, 0, 1, 1
5093, 0, 0, 61, 62, 6913, 0, 1, 1
5103, 0, 1, 59, 64, 6929, 0, 1, 1
5118, 0, 0, 60, 64, 6948, 0, 1, 1
5139, 0, 0, 61, 63, 6963, 0, 1, 1
5154, 0, 2, 60, 64, 6986, 0, 1, 1
5175, 0, 1, 60, 65, 6996, 0, 1, 1
5190, 0, 0, 62, 64, 7014, 0, 1, 1
5200, 0, 0, 60, 65, 7029, 0, 1, 1
5221, 0, 0, 60, 64, 7048, 0, 1, 1
5236, 0, 0, 60, 63, 7063, 0, 1, 1
5257, 0, 0, 60, 63, 7081, 0, 1, 1
5272, 0, 0, 62, 65, 7097, 0, 1, 1
5287, 0, 2, 60, 64, 7113, 0, 1, 1
5307, 0, 0, 59, 64, 7131, 0, 1, 1
5322, 0, 0, 60, 64, 7147, 0, 1, 1
5343, 0, 0, 60, 63, 7166, 0, 1, 1
5358, 0, 0, 60, 64, 7181, 0, 1, 1
5379, 0, 0, 61, 64, 7201, 0, 1, 1
5394, 0, 0, 60, 65, 7220, 0, 1, 1
5404, 0, 1, 61, 64, 7237, 0, 1, 1
5425, 0, 0, 59, 64, 7251, 0, 1, 1
5445, 0, 0, 60, 65, 7268, 0, 1, 1
5466, 0, 0, 61, 63, 7288, 0, 1, 1
5485, 0, 0, 60, 66, 7306, 0, 1, 1
5495, 0, 1, 62, 64, 7320, 0, 1, 1
5506, 0, 0, 59, 63, 7334, 0, 1, 1
5531, 0, 0, 61, 66, 7350, 0, 1, 1
5547, 0, 0, 60, 65
, 7369, 0, 1, 1
5562, 0, 0, 60, 65, 7385, 0, 1, 1
5577, 0, 1, 60, 65, 7401, 0, 1, 1
5593, 0, 0, 60, 64, 7427, 0, 1, 1
5613, 0, 0, 60, 65, 7438, 0, 1, 1
5634, 0, 0, 62, 65, 7455, 0, 1, 1
5649, 0, 1, 62, 64, 7472, 0, 1, 1
5664, 0, 0, 61, 64, 7489, 0, 1, 1
5685, 0, 1, 59, 65, 7506, 0, 1, 1
5699, 0, 0, 61, 65, 7524, 0, 1, 1
5714, 0, 1, 62, 65, 7542, 0, 1, 1
5735, 0, 2, 62, 66, 7557, 0, 1, 1
5750, 0, 0, 61, 64, 7574, 0, 1, 1
5771, 0, 0, 61, 65, 7596, 0, 1, 1
5781, 0, 1, 61, 65, 7608, 0, 1, 1
5801, 0, 0, 60, 64, 7623, 0, 1, 1
5822, 0, 0, 60, 63, 7643, 0, 1, 1
5827, 0, 0, 62, 65, 7657, 0, 1, 1
5848, 0, 2, 61, 64, 7673, 0, 1, 1
5863, 0, 0, 61, 65, 7690, 0, 1, 1
5878, 0, 0, 60, 64, 7706, 0, 1, 1
5894, 0, 0, 62, 64, 7724, 0, 1, 1
5918, 0, 1, 60, 65, 7739, 0, 1, 1
5934, 0, 0, 62, 62, 7757, 0, 1, 1
5944, 0, 0, 61, 62, 7778, 0, 1, 1
5975, 0, 1, 61, 66, 7803, 0, 1, 1
5995, 0, 2, 60, 63, 7821, 0, 1, 1
6010, 0, 0, 61, 64, 7835, 0, 1, 1
6031, 0, 1, 62, 64, 7856, 0, 1, 1
6046, 0, 1, 61, 64, 7871, 0, 1, 1
6056, 0, 0, 59, 63, 7888, 0, 1, 1
6077, 0, 0, 60, 63, 7905, 0, 1, 1
6092, 0, 0, 61, 66, 7923, 0, 1, 1
6112, 0, 0, 62, 65, 7936, 0, 1, 1
6122, 0, 1, 61, 64, 7956, 0, 1, 1
6142, 0, 0, 61, 63, 7970, 0, 1, 1
6158, 0, 0, 60, 62, 7993, 0, 1, 1
6173, 0, 0, 61, 65, 8005, 0, 1, 1
6194, 0, 0, 60, 63, 8022, 0, 1, 1
6214, 0, 0, 61, 63, 8037, 0, 1, 1
6230, 0, 0, 60, 64, 8052, 0, 1, 1
6245, 0, 0, 61, 61, 8072, 0, 1, 1
6260, 0, 0, 60, 64, 8089, 0, 1, 1
6281, 0, 0, 61, 64, 8102, 0, 1, 1
6296, 0, 1, 62, 64, 8120, 0, 1, 1
6317, 0, 1, 63, 64, 8138, 0, 1, 1
6326, 0, 0, 60, 64, 8156, 0, 1, 1
6341, 0, 1, 60, 63, 8171, 0, 1, 1
6362, 0, 0, 60, 63, 8189, 0, 1, 1
6377, 0, 1, 61, 64, 8202, 0, 1, 1
6392, 0, 0, 62, 62, 8219, 0, 1, 1
6408, 0, 1, 61, 62, 8237, 0, 1, 1
6423, 0, 0, 61, 63, 8252, 0, 1, 1
6438, 0, 0, 60, 63, 8273, 0, 1, 1
6464, 0, 0, 62, 64, 8286, 0, 1, 1
6479, 0, 0, 60, 62, 8306, 0, 1, 1
6500, 0, 0, 61, 63, 8322, 0, 1, 1
6510, 0, 0, 61, 63, 8338, 0, 1, 1
6530, 0, 1, 61, 64, 8357, 0, 1, 1
6545, 0, 0, 59, 62, 8369, 0, 1, 1
6571, 0, 0, 49, 61, 8390, 0, 1, 1
6581, 0, 0, 53, 62, 8403, 0, 1, 1
6591, 0, 0, 53, 64, 8427, 0, 1, 1
6611, 0, 0, 49, 62, 8438, 0, 1, 1
6632, 0, 0, 52, 62, 8456, 0, 1, 1
6642, 0, 0, 50, 61, 8472, 0, 1, 1
6668, 0, 0, 52, 62, 8490, 0, 1, 1
6678, 0, 0, 50, 61, 8507, 0, 1, 1
6699, 0, 0, 48, 62, 8523, 0, 1, 1
6714, 981, 0, 59, 66, 8538, 0, 1, 1
6734, 970, 0, 52, 64, 8555, 0, 1, 1
6745, 997, 0, 49, 64, 8571, 0, 1, 1
6766, 963, 0, 44, 62, 8588, 0, 1, 1
6771, 1000, 1, 47, 61, 8606, 0, 1, 1
6802, 1012, 0, 50, 55, 8625, 0, 1, 1
6818, 914, 0, 46, 60, 8643, 0, 1, 1
6834, 997, 0, 50, 58, 8659, 0, 1, 1
6849, 961, 1, 48, 63, 8676, 0, 1, 1
6864, 1017, 0, 46, 62, 8694, 0, 1, 1
6886, 1022, 0, 49, 63, 8709, 0, 1, 1
6906, 1016, 0, 46, 60, 8726, 0, 1, 1
6923, 1007, 1, 41, 58, 8743, 0, 1, 1
6938, 1018, 2, 47, 60, 8763, 0, 1, 1
6959, 1018, 1, 47, 61, 8780, 0, 1, 1
6970, 1019, 1, 46, 62, 8795, 0, 1, 1
6990, 1022, 2, 47, 60, 8814, 0, 1, 1
6990, 1022, 2, 47, 60, 8834, 0, 1, 1
7022, 1019, 1, 46, 60, 8850, 0, 1, 1
7037, 1018, 2, 49, 61, 8867, 0, 1, 1
7054, 1018, 3, 50, 63, 8887, 0, 1, 1
7079, 1006, 1, 49, 60, 8906, 0, 1, 1
7101, 900, 6, 46, 60, 8926, 0, 1, 1
7116, 969, 0, 43, 60, 8940, 0, 1, 1
7132, 937, 1, 44, 62, 8958, 0, 1, 1
7147, 951, 0, 44, 60, 8973, 0, 1, 1
7169, 794, 1, 42, 64, 8992, 0, 1, 1
7184, 0, 1, 47, 57, 9007, 0, 1, 1
7199, 0, 0, 45, 59, 9025, 0, 1, 1
7215, 0, 0, 50, 56, 9042, 0, 1, 1
7230, 0, 0, 48, 60, 9056, 0, 1, 1
7250, 0, 0, 50, 58, 9075, 0, 1, 1
7265, 0, 0, 47, 59, 9092, 0, 1, 1
7280, 0, 0, 48, 58, 9108, 0, 1, 1
7296, 0, 0, 48, 59, 9125, 0, 1, 1
7316, 0, 0, 52, 59, 9140, 0, 1, 1
7336, 0, 1, 50, 58, 9157, 0, 1, 1
7352, 0, 0, 49, 59, 9176, 0, 1, 1
7362, 0, 0, 49, 60, 9190, 0, 1, 1
7383, 0, 0, 49, 60, 9207, 0, 1, 1
7403, 0, 0, 50, 59, 9226, 0, 1, 1
7418, 0, 0, 53, 62, 9240, 0, 1, 1
7434, 0, 0, 52, 60, 9256, 0, 1, 1
7454, 0, 1, 54, 62, 9281, 0, 1, 1
7474, 0, 0, 52, 61, 9297, 0, 1, 1
7489, 0, 0, 53, 64, 9313, 0, 1, 1
7504, 0, 0, 52, 61, 9329, 0, 1, 1
7530, 0, 0, 53, 61, 9353, 0, 1, 1
7540, 0, 0, 51, 62, 9364, 0, 1, 1
7556, 0, 0, 52, 62, 9382, 0, 1, 1
7571, 0, 0, 51, 60, 9398, 0, 1, 1
7591, 0, 0, 53, 60, 9414, 0, 1, 1
7607, 0, 0, 52, 60, 9432, 0, 1, 1
7622, 0, 0, 51, 58, 9447, 0, 1, 1
7643, 0, 0, 49, 57, 9465, 0, 1, 1
7653, 0, 1, 48, 61, 9480, 0, 1, 1
7673, 0, 0, 50, 62, 9498, 0, 1, 1
7688, 0, 0, 51, 60, 9513, 0, 1, 1
7703, 0, 0, 52, 60, 9530, 0, 1, 1
7724, 0, 0, 51, 58, 9546, 0, 1, 1
7739, 0, 0, 51, 58, 9564, 0, 1, 1
7739, 0, 0, 51, 58, 9580, 0, 2, 1
7770, 0, 0, 51, 61, 9596, 0, 2, 1
7785, 0, 0, 51, 61, 9613, 0, 2, 1
7800, 0, 0, 50, 61, 9631, 0, 2, 1
7821, 0, 0, 50, 60, 9648, 0, 2, 1
7836, 0, 2, 51, 61, 9664, 0, 2, 1
7857, 0, 0, 51, 59, 9681, 0, 2, 1
7877, 0, 0, 51, 60, 9703, 0, 2, 1
7892, 0, 1, 51, 61, 9714, 0, 2, 1
7907, 0, 0, 52, 59, 9731, 0, 2, 1
7922, 0, 0, 52, 57, 9748, 0, 2, 1
7938, 0, 0, 52, 59, 9765, 0, 2, 1
7958, 0, 0, 51, 58, 9782, 0, 2, 1
7973, 0, 0, 54, 61, 9797, 0, 2, 1
7989, 0, 0, 52, 60, 9815, 0, 2, 1
8009, 0, 0, 51, 58, 9835, 0, 2, 1
8025, 0, 0, 51, 58, 9848, 0, 2, 1
8040, 0, 0, 53, 59, 9864, 0, 2, 1
8055, 0, 1, 52, 58, 9881, 0, 2, 1
8076, 0, 1, 51, 58, 9899, 0, 2, 1
8086, 0, 1, 52, 59, 9914, 0, 2, 1
8105, 0, 0, 51, 60, 9930, 0, 2, 1
8126, 0, 0, 53, 59, 9953, 0, 2, 1
8136, 0, 0, 51, 58, 9964, 0, 2, 1
8157, 0, 0, 52, 58, 9982, 0, 2, 1
8172, 0, 1, 51, 57, 9998, 0, 2, 1
8187, 0, 0, 53, 59, 10015, 0, 2, 1
8208, 0, 0, 53, 58, 10031, 0, 2, 1
8223, 0, 2, 50, 58, 10049, 0, 2, 1
8239, 0, 9, 51, 58, 10064, 0, 2, 1
8259, 0, 15, 50, 57, 10083, 0, 2, 1
8269, 0, 19, 51, 60, 10097, 0, 2, 1
8290, 0, 24, 51, 59, 10115, 0, 2, 1
8305, 0, 42, 53, 59, 10132, 0, 2, 1
8321, 0, 58, 50, 59, 10147, 0, 2, 1
8341, 0, 85, 52, 59, 10165, 0, 2, 1
8351, 0, 99, 53, 58, 10181, 0, 2, 1
8372, 0, 140, 49, 58, 10200, 0, 2, 1
8387, 0, 160, 49, 59, 10214, 0, 2, 1
8409, 0, 193, 48, 59, 10233, 0, 2, 1
8424, 0, 213, 52, 59, 10249, 0, 2, 1
8439, 0, 234, 51, 60, 10265, 0, 2, 1
8460, 0, 255, 51, 59, 10284, 0, 2, 1
8470, 0, 257, 52, 59, 10298, 0, 2, 1
8492, 0, 266, 48, 60, 10316, 0, 2, 1
8507, 0, 274, 49, 62, 10331, 0, 2, 1
8527, 0, 288, 50, 59, 10352, 0, 2, 1
8538, 0, 297, 50, 60, 10364, 0, 2, 1
8558, 0, 297, 50, 58, 10382, 0, 2, 1
8574, 0, 290, 51, 59, 10399, 0, 2, 1
8590, 0, 288, 49, 58, 10416, 0, 2, 1
8605, 0, 294, 52, 59, 10432, 0, 2, 1
8626, 0, 294, 51, 60, 10448, 0, 2, 1
8641, 0, 290, 53, 57, 10466, 0, 2, 1
8657, 0, 282, 52, 59, 10481, 0, 2, 1
8673, 0, 260, 54, 58, 10498, 0, 2, 1
8688, 0, 207, 50, 60, 10514, 0, 2, 1
8704, 0, 149, 50, 59, 10533, 0, 2, 1
8719, 0, 106, 52, 60, 10547, 0, 2, 1
8739, 0, 52, 46, 60, 10565, 0, 2, 1
8750, 0, 30, 50, 60, 10581, 0, 2, 1
8771, 0, 9, 51, 60, 10599, 0, 2, 1
8786, 0, 1, 47, 62, 10615, 0, 2, 1
8801, 0, 0, 43, 58, 10630, 0, 2, 1
8821, 0, 0, 48, 62, 10650, 0, 2, 1
8842, 0, 0, 46, 58, 10665, 0, 2, 1
8857, 0, 0, 49, 58, 10681, 0, 2, 1
8872, 0, 0, 49, 60, 10700, 0, 2, 1
8888, 0, 0, 48, 62, 10714, 0, 2, 1
8908, 0, 0, 49, 62, 10733, 0, 2, 1
8919, 0, 0, 48, 61, 10749, 0, 2, 1
8944, 0, 1, 49, 62, 10766, 0, 2, 1
8954, 0, 1, 51, 62, 10781, 0, 2, 1
8969, 0, 0, 51, 64, 10800, 0, 2, 1
8989, 0, 0, 52, 61, 10814, 0, 2, 1
9005, 0, 0, 49, 62, 10831, 0, 2, 1
9025, 0, 0, 50, 63, 10850, 0, 2, 1
9035, 0, 0, 50, 63, 10864, 0, 2, 1
9056, 0, 0, 50, 60, 10884, 0, 2, 1
9076, 0, 0, 50, 60, 10898, 0, 2, 1
9092, 0, 0, 52, 63, 10914, 0, 2, 1
9107, 0, 0, 51, 61, 10931, 0, 2, 1
9117, 0, 0, 48, 61, 10948, 0, 2, 1
9138, 0, 0, 53, 61, 10964, 0, 2, 1
9158, 0, 0, 51, 60, 10982, 0, 2, 1
9167, 0, 0, 51, 61, 10998, 0, 2, 1
9193, 0, 0, 53, 62, 11016, 0, 2, 1
9203, 0, 0, 52, 62, 11031, 0, 2, 1
9219, 0, 0, 51, 61, 11048, 0, 2, 1
9234, 0, 0, 51, 62, 11071, 0, 3, 1
9254, 0, 0, 50, 62, 11081, 0, 3, 1
9275, 0, 0, 51, 60, 11098, 0, 3, 1
9290, 0, 0, 52, 64, 11117, 0, 3, 1
9306, 0, 0, 50, 62, 11134, 0, 3, 1
9321, 0, 0, 51, 62, 11147, 0, 3, 1
9341, 0, 0, 52, 63, 11166, 0, 3, 1
9357, 0, 0, 51, 61, 11182, 0, 3, 1
9371, 0, 0, 52, 63, 11198, 0, 3, 1
9392, 0, 0, 54, 61, 11217, 0, 3, 1
9407, 0, 0, 54, 63, 11233, 0, 3, 1
9422, 0, 0, 53, 63, 11247, 0, 3, 1
9438, 0, 0, 53, 61, 11264, 0, 3, 1
9453, 0, 0, 53, 63, 11280, 0, 3, 1
9468, 0, 0, 52, 64, 11300, 0, 3, 1
9484, 0, 2, 52, 64, 11315, 0, 3, 1
9504, 0, 1, 52, 62, 11334, 0, 3, 1
9520, 0, 0, 51, 63, 11349, 0, 3, 1
9540, 0, 0, 51, 62, 11365, 0, 3, 1
9555, 0, 1, 52, 62, 11383, 0, 3, 1
9576, 0, 0, 52, 62, 11397, 0, 3, 1
9591, 0, 0, 53, 63, 11415, 0, 3, 1
9606, 0, 0, 64, 62, 11432, 0, 3, 1
9621, 0, 0, 69, 60, 11447, 0, 3, 1
9636, 0, 0, 73, 61, 11464, 0, 3, 1
9657, 0, 0, 89, 61, 11483, 0, 3, 1
9672, 0, 0, 87, 61, 11497, 0, 3, 1
9693, 0, 0, 100, 63, 11516, 0, 3, 1
9703, 0, 1, 112, 62, 11533, 0, 3, 1
9718, 0, 0, 128, 63, 11547, 0, 3, 1
9739, 0, 0, 136, 62, 11566, 0, 3, 1
9759, 0, 0, 144, 62, 11583, 0, 3, 1
9775, 0, 0, 156, 61, 11599, 0, 3, 1
9785, 0, 0, 158, 64, 11615, 0, 3, 1
9800, 0, 0, 163, 64, 11634, 0, 3, 1
9821, 0, 0, 169, 64, 11648, 0, 3, 1
9841, 0, 0, 175, 64, 11667, 0, 3, 1
9857, 0, 0, 176, 62, 11681, 0, 3, 1
9873, 0, 0, 180, 63, 11700, 0, 3, 1
9888, 0, 0, 179, 64, 11714, 0, 3, 1
9904, 0, 1, 179, 64, 11733, 0, 3, 1
9924, 0, 0, 179, 62, 11748, 0, 3, 1
9939, 0, 0, 177, 62, 11765, 0, 3, 1
9955, 0, 0, 177, 61, 11781, 0, 3, 1
9970, 0, 2, 172, 60, 11799, 0, 3, 1
9986, 0, 0, 171, 61, 11818, 0, 3, 1
10001, 0, 0, 162, 61, 11831, 0, 3, 1
10021, 0, 0, 149, 61, 11848, 0, 3, 1
10037, 0, 0, 132, 60, 11865, 0, 3, 1
10058, 0, 0, 79, 61, 11881, 0, 3, 1
10074, 0, 0, 21, 61, 11901, 0, 3, 1
10089, 0, 0, 24, 58, 11914, 0, 3, 1
10104, 0, 0, 22, 60, 11936, 0, 3, 1
10120, 0, 0, 24, 62, 11948, 0, 3, 1
10140, 0, 0, 34, 62, 11967, 0, 3, 1
10156, 0, 0, 31, 60, 11982, 0, 3, 1
10171, 0, 0, 29, 62, 11997, 0, 3, 1
10191, 0, 0, 30, 60, 12017, 0, 3, 1
10202, 0, 0, 35, 61, 12033, 0, 3, 1
10222, 0, 0, 37, 61, 12049, 0, 3, 1
10237, 0, 0, 37, 61, 12064, 0, 3, 1
10253, 0, 0, 34, 59, 12081, 0, 3, 1
10269, 0, 0, 34, 61, 12099, 0, 3, 1
10290, 0, 0, 33, 60, 12114, 0, 3, 1
10305, 0, 0, 38, 60, 12130, 0, 3, 1
10320, 0, 1, 37, 58, 12149, 0, 3, 1
10341, 0, 0, 35, 62, 12165, 0, 3, 1
10356, 0, 0, 35, 61, 12181, 0, 3, 1
10372, 0, 0, 36, 61, 12198, 0, 3, 1
10387, 0, 0, 40, 62, 12215, 0, 3, 1
10402, 0, 1, 37, 60, 12234, 0, 3, 1
10423, 0, 1, 40, 60, 12249, 0, 3, 1
10433, 0, 0, 39, 60, 12266, 0, 3, 1
10454, 0, 1, 40, 61, 12282, 0, 3, 1
10469, 0, 0, 42, 63, 12298, 0, 3, 1
10489, 0, 0, 44, 63, 12315, 0, 3, 1
10500, 0, 0, 40, 60, 12331, 0, 3, 1
10520, 0, 0, 38, 61, 12349, 0, 4, 1
10542, 0, 0, 42, 61, 12366, 0, 4, 1
10557, 0, 0, 35, 60, 12382, 0, 4, 1
10572, 0, 1, 37, 60, 12400, 0, 4, 1
10588, 0, 0, 39, 60, 12415, 0, 4, 1
10603, 0, 1, 41, 61, 12431, 0, 4, 1
10624, 0, 0, 35, 61, 12448, 0, 4, 1
10644, 0, 0, 36, 61, 12467, 0, 4, 1
10654, 0, 0, 40, 61, 12481, 0, 4, 1
10670, 0, 0, 38, 63, 12498, 0, 4, 1
10685, 0, 0, 39, 60, 12515, 0, 4, 1
10705, 0, 0, 39, 62, 12533, 0, 4, 1
10716, 0, 0, 42, 61, 12549, 0, 4, 1
10741, 0, 1, 40, 61, 12566, 0, 4, 1
10757, 0, 0, 41, 61, 12583, 0, 4, 1
10772, 0, 0, 40, 62, 12600, 0, 4, 1
10787, 0, 0, 41, 62, 12616, 0, 4, 1
10803, 0, 0, 41, 62, 12633, 0, 4, 1
10824, 0, 0, 41, 62, 12651, 0, 4, 1
10840, 0, 0, 39, 62, 12667, 0, 4, 1
10860, 0, 1, 43, 63, 12697, 0, 4, 1
10875, 0, 0, 40, 63
, 12701, 0, 4, 1
10896, 0, 0, 37, 62, 12722, 0, 4, 1
10906, 0, 0, 39, 62, 12739, 0, 4, 1
10921, 0, 1, 39, 62, 12752, 0, 4, 1
10942, 0, 0, 35, 61, 12771, 0, 4, 1
10957, 0, 0, 37, 62, 12785, 0, 4, 1
10973, 0, 0, 40, 61, 12801, 0, 4, 1
10993, 0, 0, 40, 61, 12821, 0, 4, 1
11014, 0, 0, 38, 53, 12842, 0, 4, 1
11034, 0, 0, 38, 58, 12862, 0, 4, 1
11049, 0, 0, 38, 68, 12877, 0, 4, 1
11065, 0, 1, 35, 86, 12895, 0, 4, 1
11065, 0, 1, 35, 86, 12931, 0, 4, 1
11122, 0, 0, 0, 478, 12951, 0, 4, 1
11143, 0, 0, 0, 579, 12966, 0, 4, 1
11158, 0, 0, 0, 610, 12986, 0, 4, 1
11173, 0, 0, 0, 620, 12999, 0, 4, 1
11189, 0, 0, 0, 639, 13016, 0, 4, 1
11204, 0, 0, 0, 650, 13037, 0, 4, 1
11225, 0, 0, 0, 660, 13050, 0, 4, 1
11241, 0, 0, 0, 657, 13067, 0, 4, 1
11256, 0, 0, 0, 664, 13083, 0, 4, 1
11267, 0, 0, 0, 663, 13100, 0, 4, 1
11292, 0, 0, 0, 664, 13119, 0, 4, 1
11302, 0, 0, 0, 653, 13134, 0, 4, 1
11323, 0, 0, 0, 636, 13151, 0, 4, 1
11338, 0, 0, 0, 600, 13172, 0, 4, 1
11359, 0, 0, 1, 501, 13184, 0, 4, 1
11374, 0, 0, 0, 348, 13201, 0, 4, 1
11395, 0, 0, 12, 120, 13220, 0, 4, 1
11405, 0, 0, 26, 54, 13234, 0, 4, 1
11426, 0, 0, 34, 22, 13255, 0, 4, 1
11442, 0, 0, 32, 19, 13269, 0, 4, 1
11462, 0, 0, 37, 21, 13285, 0, 4, 1
11472, 0, 0, 38, 19, 13301, 0, 4, 1
11493, 0, 0, 39, 17, 13321, 0, 4, 1
11518, 0, 0, 40, 13, 13342, 0, 4, 1
11524, 0, 0, 43, 17, 13350, 0, 4, 1
11544, 0, 0, 45, 18, 13371, 0, 4, 1
11559, 0, 0, 42, 21, 13385, 0, 4, 1
11575, 0, 0, 43, 17, 13400, 0, 4, 1
11590, 0, 0, 44, 18, 13421, 0, 4, 1
11616, 0, 0, 44, 17, 13444, 0, 4, 1
11626, 0, 0, 45, 21, 13461, 0, 4, 1
11648, 0, 0, 43, 24, 13475, 0, 4, 1
11663, 0, 0, 42, 23, 13492, 0, 4, 1
11683, 0, 0, 44, 22, 13511, 0, 4, 1
11699, 0, 0, 42, 21, 13525, 0, 4, 1
11714, 0, 0, 43, 19, 13544, 0, 4, 1
11729, 0, 0, 43, 21, 13558, 0, 4, 1
11745, 0, 0, 44, 21, 13575, 0, 4, 1
11765, 0, 0, 46, 24, 13598, 0, 4, 1
11781, 0, 0, 43, 25, 13608, 0, 4, 1
11796, 0, 0, 42, 23, 13625, 0, 4, 1
11816, 0, 0, 45, 25, 13645, 0, 4, 1
11827, 0, 0, 45, 25, 13658, 0, 4, 1
11847, 0, 0, 45, 24, 13678, 0, 4, 1
11863, 0, 0, 45, 26, 13694, 0, 4, 1
11883, 0, 0, 45, 22, 13708, 0, 4, 1
11899, 0, 0, 43, 26, 13725, 0, 4, 1
11915, 0, 0, 45, 25, 13744, 0, 4, 1
11925, 0, 0, 45, 24, 13761, 0, 4, 1
11945, 0, 0, 45, 23, 13774, 0, 4, 1
11966, 0, 0, 46, 28, 13792, 0, 4, 1
11986, 0, 0, 47, 28, 13812, 0, 4, 1
12002, 0, 0, 46, 31, 13826, 0, 4, 1
12022, 0, 0, 46, 28, 13846, 0, 4, 1
12038, 0, 0, 45, 30, 13865, 0, 4, 1
12048, 0, 0, 47, 30, 13875, 0, 4, 1
12068, 0, 0, 46, 29, 13892, 0, 4, 1
12084, 0, 0, 46, 31, 13908, 0, 4, 1
12099, 0, 0, 44, 32, 13928, 0, 4, 1
12114, 0, 0, 46, 33, 13941, 0, 4, 1
12130, 0, 0, 48, 30, 13960, 0, 4, 1
12145, 0, 0, 47, 31, 13974, 0, 4, 1
12167, 0, 0, 48, 32, 13995, 0, 4, 1
12182, 0, 0, 46, 28, 14008, 0, 4, 1
12197, 0, 0, 47, 27, 14025, 0, 4, 1
12208, 0, 1, 48, 27, 14041, 0, 4, 1
12228, 0, 0, 48, 32, 14058, 0, 4, 1
12238, 0, 0, 47, 33, 14075, 0, 4, 1
12259, 0, 0, 46, 31, 14091, 0, 4, 1
12284, 0, 0, 46, 37, 14110, 0, 4, 1
12300, 0, 0, 47, 35, 14125, 0, 4, 1
12315, 0, 0, 47, 37, 14144, 0, 4, 1
12325, 0, 1, 46, 40, 14157, 0, 4, 1
12346, 0, 0, 46, 35, 14177, 0, 4, 1
12366, 0, 1, 48, 35, 14192, 0, 4, 1
12377, 0, 0, 46, 34, 14209, 0, 4, 1
12397, 0, 0, 47, 34, 14226, 0, 4, 1
12412, 0, 0, 46, 36, 14245, 0, 4, 1
12428, 0, 0, 46, 36, 14259, 0, 4, 1
12449, 0, 1, 47, 33, 14277, 0, 4, 1
12465, 0, 0, 45, 35, 14294, 0, 4, 1
12480, 0, 0, 46, 38, 14313, 0, 4, 1
12500, 0, 1, 46, 36, 14325, 0, 4, 1
12516, 0, 0, 46, 36, 14342, 0, 4, 1
12526, 0, 0, 48, 37, 14365, 0, 4, 1
12547, 0, 0, 46, 34, 14390, 0, 4, 1
12588, 0, 0, 47, 33, 14423, 0, 4, 1
12613, 0, 0, 46, 36, 14441, 0, 4, 1
12628, 0, 0, 46, 36, 14458, 0, 4, 1
12669, 0, 1, 45, 37, 14534, 0, 4, 1
12727, 0, 0, 45, 38, 14551, 0, 4, 1
12742, 0, 0, 46, 40, 14570, 0, 4, 1
12758, 0, 0, 46, 42, 14594, 0, 4, 1
12773, 0, 0, 47, 40, 14602, 0, 4, 1
12788, 0, 0, 45, 42, 14618, 0, 4, 2
12809, 0, 0, 46, 41, 14635, 0, 4, 2
12824, 0, 1, 46, 44, 14652, 0, 4, 2
12839, 0, 0, 46, 41, 14672, 0, 4, 2
12855, 0, 0, 45, 37, 14684, 0, 4, 2
12875, 0, 0, 44, 37, 14705, 0, 4, 2
12901, 0, 0, 45, 39, 14727, 0, 4, 2
12916, 0, 1, 45, 39, 14746, 0, 4, 2
12932, 0, 0, 45, 35, 14760, 0, 4, 2
12952, 0, 0, 45, 40, 14778, 0, 4, 2
12967, 0, 2, 46, 35, 14795, 0, 4, 2
12983, 0, 1, 45, 37, 14812, 0, 4, 2
12998, 0, 0, 46, 34, 14840, 0, 4, 2
13015, 0, 0, 45, 37, 14845, 0, 4, 2
13030, 0, 0, 47, 37, 14867, 0, 4, 2
13050, 0, 0, 45, 36, 14884, 0, 4, 2
13071, 0, 0, 46, 38, 14902, 0, 4, 2
13091, 0, 0, 45, 37, 14919, 0, 4, 2
13112, 0, 0, 46, 36, 14945, 0, 4, 2
13132, 0, 0, 45, 38, 14957, 0, 4, 2
13148, 0, 0, 45, 37, 14974, 0, 4, 2
13163, 0, 0, 46, 36, 14994, 0, 4, 2
13184, 0, 0, 46, 33, 15013, 0, 4, 2
13204, 0, 0, 46, 38, 15030, 0, 4, 2
13214, 0, 0, 45, 35, 15046, 0, 4, 2
13235, 0, 0, 45, 36, 15063, 0, 4, 2
13245, 0, 0, 47, 35, 15079, 0, 4, 2
13271, 0, 0, 47, 34, 15096, 0, 4, 2
13286, 0, 1, 44, 38, 15113, 0, 4, 2
13296, 0, 0, 46, 35, 15128, 0, 4, 2
13313, 0, 0, 45, 36, 15146, 0, 4, 2
13333, 0, 0, 46, 35, 15162, 0, 4, 2
13353, 0, 0, 46, 37, 15179, 0, 4, 2
13369, 0, 1, 46, 38, 15201, 0, 4, 2
13384, 0, 0, 46, 37, 15212, 0, 4, 2
13394, 0, 0, 45, 38, 15230, 0, 4, 2
13415, 0, 0, 44, 39, 15247, 0, 4, 2
13435, 0, 0, 45, 39, 15262, 0, 4, 2
13451, 0, 0, 46, 38, 15279, 0, 4, 2
13466, 0, 1, 46, 39, 15295, 0, 4, 2
13481, 0, 0, 45, 38, 15312, 0, 4, 2
13497, 0, 0, 45, 36, 15329, 0, 4, 2
13512, 0, 0, 46, 39, 15347, 0, 4, 2
13533, 0, 0, 45, 37, 15361, 0, 4, 2
13548, 0, 0, 47, 39, 15378, 0, 4, 2
13564, 0, 1, 47, 41, 15397, 0, 4, 2
13580, 0, 0, 46, 37, 15411, 0, 4, 2
13595, 0, 1, 46, 38, 15429, 0, 4, 2
13616, 0, 0, 46, 38, 15446, 0, 4, 2
13636, 0, 1, 46, 39, 15463, 0, 4, 2
13651, 0, 1, 46, 37, 15488, 0, 4, 2
13672, 0, 0, 46, 37, 15497, 0, 4, 2
13687, 0, 0, 47, 35, 15514, 0, 4, 2
13703, 0, 0, 47, 35, 15531, 0, 4, 2
13718, 0, 0, 45, 36, 15551, 0, 4, 2
13739, 0, 0, 47, 36, 15588, 0, 4, 2
13774, 0, 0, 46, 37, 15602, 0, 4, 2
13785, 0, 0, 44, 40, 15624, 0, 4, 2
13810, 0, 0, 46, 38, 15640, 0, 4, 2
13831, 0, 1, 46, 37, 15658, 0, 4, 2
13847, 0, 0, 46, 39, 15672, 0, 4, 2
13857, 0, 0, 46, 37, 15687, 0, 4, 2
13878, 0, 1, 47, 36, 15705, 0, 4, 2
13893, 0, 1, 46, 37, 15723, 0, 4, 2
13908, 0, 1, 46, 35, 15735, 0, 4, 2
13934, 0, 0, 46, 38, 15759, 0, 4, 2
13944, 0, 0, 47, 37, 15774, 0, 4, 2
13960, 0, 0, 46, 39, 15796, 0, 4, 2
13975, 0, 0, 46, 38, 15804, 0, 4, 2
13996, 0, 0, 44, 37, 15822, 0, 4, 2
14006, 0, 0, 47, 41, 15839, 0, 4, 2
14026, 0, 0, 47, 37, 15856, 0, 4, 2
14047, 0, 0, 45, 35, 15878, 0, 4, 2
14062, 0, 1, 47, 37, 15895, 0, 4, 2
14083, 0, 1, 46, 35, 15916, 0, 4, 2
14098, 0, 0, 46, 34, 15928, 0, 4, 2
14113, 0, 0, 45, 37, 15947, 0, 4, 2
14135, 0, 0, 44, 36, 15963, 0, 4, 2
14145, 0, 0, 46, 38, 15978, 0, 4, 2
14155, 0, 1, 45, 36, 15995, 0, 4, 2
14181, 0, 1, 45, 37, 16013, 0, 4, 2
14191, 0, 1, 45, 36, 16031, 0, 4, 2
14217, 0, 0, 45, 38, 16044, 0, 4, 2
14232, 0, 0, 46, 34, 16061, 0, 4, 2
14247, 0, 0, 46, 34, 16079, 0, 4, 2
14263, 0, 1, 44, 38, 16095, 0, 4, 2
14278, 0, 1, 46, 37, 16127, 0, 4, 2
14314, 0, 1, 46, 38, 16143, 0, 4, 2
14329, 0, 0, 46, 38, 16160, 0, 4, 2
14350, 0, 0, 47, 38, 16179, 0, 4, 2
14360, 0, 0, 47, 39, 16193, 0, 4, 2
14381, 0, 0, 47, 39, 16210, 0, 4, 2
14401, 0, 1, 47, 39, 16230, 0, 4, 2
14422, 0, 0, 47, 40, 16247, 0, 4, 2
14433, 0, 0, 48, 39, 16262, 0, 4, 2
14448, 0, 1, 46, 39, 16277, 0, 4, 2
14464, 0, 1, 47, 41, 16295, 0, 4, 2
14479, 0, 0, 47, 38, 16310, 0, 4, 2
14489, 0, 0, 47, 39, 16326, 0, 4, 2
14515, 0, 1, 46, 37, 16346, 0, 4, 2
14530, 0, 0, 47, 37, 16361, 0, 4, 2
14545, 0, 2, 47, 38, 16376, 0, 4, 2
14561, 0, 1, 47, 36, 16394, 0, 4, 2
14581, 0, 1, 48, 37, 16411, 0, 4, 2
14586, 0, 0, 47, 37, 16426, 0, 4, 2
14617, 0, 1, 47, 38, 16446, 0, 4, 2
14632, 0, 0, 47, 37, 16460, 0, 4, 2
14648, 0, 0, 47, 40, 16478, 0, 4, 2
14663, 0, 0, 48, 40, 16494, 0, 4, 2
14684, 0, 1, 47, 42, 16510, 0, 4, 2
14699, 0, 1, 48, 40, 16529, 0, 4, 2
14721, 0, 1, 47, 40, 16546, 0, 4, 2
14731, 0, 0, 47, 41, 16562, 0, 4, 2
14751, 0, 1, 47, 38, 16579, 0, 4, 2
14761, 0, 1, 46, 39, 16615, 0, 4, 2
14802, 0, 1, 46, 37, 16629, 0, 4, 2
14823, 0, 0, 46, 40, 16651, 0, 4, 2
14838, 0, 0, 46, 41, 16667, 0, 4, 2
14859, 0, 1, 47, 37, 16686, 0, 4, 2
14869, 0, 1, 47, 38, 16700, 0, 4, 2
14884, 0, 1, 46, 40, 16720, 0, 4, 2
14905, 0, 0, 46, 39, 16733, 0, 4, 2
14920, 0, 1, 47, 42, 16750, 0, 4, 2
14936, 0, 0, 46, 39, 16766, 0, 4, 2
14956, 0, 0, 46, 40, 16787, 0, 4, 2
14971, 0, 1, 47, 41, 16801, 0, 4, 2
14987, 0, 0, 49, 40, 16823, 0, 4, 2
15003, 0, 1, 47, 44, 16840, 0, 4, 2
15024, 0, 1, 49, 45, 16853, 0, 4, 2
15044, 0, 0, 48, 41, 16871, 0, 4, 2
15054, 0, 0, 48, 41, 16891, 0, 4, 2
15070, 0, 1, 48, 39, 16902, 0, 4, 2
15090, 0, 0, 46, 46, 16922, 0, 4, 2
15106, 0, 0, 47, 45, 16935, 0, 4, 2
15126, 0, 0, 48, 45, 16953, 0, 4, 2
15136, 0, 2, 47, 41, 16969, 0, 4, 2
15162, 0, 0, 48, 40, 17007, 0, 4, 2
15182, 0, 1, 47, 42, 17016, 0, 4, 2
15203, 0, 0, 49, 40, 17034, 0, 4, 2
15223, 0, 1, 47, 40, 17049, 0, 4, 2
15244, 0, 1, 48, 40, 17074, 0, 4, 2
15255, 0, 0, 47, 39, 17083, 0, 4, 2
15265, 0, 0, 48, 37, 17100, 0, 4, 2
15286, 0, 1, 49, 42, 17117, 0, 4, 2
15306, 0, 0, 47, 45, 17132, 0, 4, 2
15316, 0, 1, 47, 44, 17149, 0, 4, 2
15337, 0, 2, 47, 41, 17166, 0, 4, 2
15347, 0, 0, 47, 41, 17185, 0, 4, 2
15383, 0, 1, 48, 42, 17208, 0, 4, 2
15398, 0, 1, 49, 45, 17230, 0, 4, 2
15414, 0, 1, 47, 44, 17243, 0, 4, 2
15429, 0, 0, 48, 42, 17259, 0, 4, 2
15439, 0, 0, 49, 41, 17277, 0, 4, 2
15465, 0, 0, 47, 43, 17293, 0, 4, 2
15480, 0, 0, 48, 41, 17308, 0, 4, 2
15497, 0, 0, 50, 39, 17327, 0, 4, 2
15512, 0, 0, 47, 41, 17343, 0, 4, 2
15527, 0, 0, 48, 39, 17359, 0, 4, 2
15548, 0, 2, 48, 40, 17376, 0, 4, 2
15563, 0, 0, 48, 38, 17392, 0, 4, 2
15584, 0, 2, 49, 39, 17410, 0, 4, 2
15599, 0, 1, 49, 39, 17427, 0, 4, 2
15609, 0, 0, 50, 41, 17442, 0, 4, 2
15630, 0, 1, 48, 37, 17460, 0, 4, 2
15640, 0, 0, 48, 39, 17476, 0, 4, 2
15666, 0, 1, 48, 45, 17493, 0, 4, 2
15681, 0, 0, 47, 40, 17510, 0, 4, 2
15696, 0, 1, 47, 39, 17525, 0, 4, 2
15707, 0, 2, 48, 40, 17542, 0, 4, 2
15727, 0, 0, 48, 40, 17559, 0, 4, 2
15748, 0, 0, 47, 42, 17576, 0, 4, 2
15764, 0, 0, 48, 42, 17594, 0, 4, 2
15769, 0, 0, 48, 43, 17618, 0, 4, 2
15795, 0, 0, 48, 46, 17627, 0, 4, 2
15815, 0, 0, 47, 46, 17645, 0, 4, 2
15831, 0, 0, 48, 41, 17663, 0, 4, 2
15846, 0, 2, 48, 43, 17679, 0, 4, 2
15877, 0, 2, 49, 45, 17707, 0, 4, 2
15887, 0, 0, 48, 43, 17725, 0, 1, 2
15907, 0, 0, 48, 44, 17740, 0, 1, 2
15912, 0, 0, 48, 45, 17758, 0, 1, 2
15938, 0, 1, 48, 41, 17775, 0, 1, 2
15953, 0, 0, 49, 43, 17791, 0, 1, 2
15969, 0, 1, 48, 43, 17813, 0, 1, 2
16006, 0, 0, 46, 40, 17835, 0, 1, 2
16026, 0, 1, 49, 38, 17852, 0, 1, 2
16041, 0, 2, 48, 38, 17874, 0, 1, 2
16057, 0, 2, 47, 38, 17886, 0, 1, 2
16072, 0, 0, 48, 38, 17906, 0, 1, 2
16088, 0, 0, 48, 39, 17920, 0, 1, 2
16108, 0, 0, 48, 41, 17947, 0, 1, 2
16129, 0, 0, 48, 40, 17963, 0, 1, 2
16149, 0, 0, 48, 40, 17978, 0, 1, 2
16164, 0, 0, 47, 41, 17995, 0, 1, 2
16185, 0, 2, 47, 43, 18014, 0, 1, 2
16200, 0, 1, 48, 45, 18030, 0, 1, 2
16216, 0, 1, 47, 43, 18048, 0, 1, 2
16231, 0, 0, 48, 42, 18062, 0, 1, 2
16251, 0, 0, 48, 40, 18079, 0, 1, 2
16267, 0, 0, 48, 41, 18098, 0, 1, 2
16283, 0, 0, 50, 42, 18114, 0, 1, 2
16299, 0, 0, 48, 42, 18130, 0, 1, 2
16314, 0, 0, 48, 41, 18146, 0, 1, 2
16329, 0, 0, 47, 44, 18163, 0, 1, 2
16350, 0, 0, 48, 44, 18180, 0, 1, 2
16370, 0, 0, 48, 43, 18198, 0, 1, 2
16380, 0, 1, 48, 44, 18218, 0, 1, 2
16406, 0, 0, 47, 45, 18233, 0, 1, 2
16416, 0, 1, 48, 45, 18248, 0, 1, 2
16432, 0, 1, 47, 43, 18265, 0, 1, 2
16452, 0, 0, 48, 43, 18281, 0, 1, 2
16462, 0, 2, 47, 44, 18297, 0, 1, 2
16483, 0, 2, 47, 44, 18313, 0, 1, 2
16498, 0, 0, 48, 44, 18331, 0, 1, 2
16514, 0, 0, 47, 44, 18347, 0, 1, 2
16530, 0, 0, 48, 40, 18365, 0, 1, 2
16550, 0, 0, 48, 40, 18380, 0, 1, 2
16566, 0, 0, 47, 44, 18398, 0, 1, 2
16581, 0, 0, 48, 45, 18413, 0, 1, 2
16596, 0, 0, 47, 44, 18430, 0, 1, 2
16612, 0, 0, 45, 41, 18446, 0, 1, 2
16632, 0, 0, 49, 41, 18464, 0, 1, 2
16653, 0, 1, 47, 43, 18480, 0, 1, 2
16668, 0, 0, 48, 42, 18497, 0, 1, 2
16684, 0, 0, 46, 42, 18513, 0, 1, 2
16699, 0, 0, 44, 41, 18529, 0, 1, 2
16714, 0, 0, 45, 40, 18546, 0, 1, 2
16730, 979, 0, 46, 48, 18563, 0, 1, 2
16751, 918, 3, 46, 44, 18580, 0, 1, 2
16766, 848, 1, 45, 45, 18597, 0, 1, 2
16788, 910, 1, 42, 43, 18614, 0, 1, 2
16798, 990, 1, 44, 43, 18630, 0, 1, 2
16814, 957, 0, 47, 39, 18647, 0, 1, 2
16835, 952, 2, 44, 42, 18665, 0, 1, 2
16850, 989, 1, 46, 41, 18681, 0, 1, 2
16867, 982, 2, 44, 41, 18699, 0, 1, 2
16882, 1015, 2, 43, 41, 18714, 0, 1, 2
16899, 911, 2, 45, 40, 18730, 0, 1, 2
16919, 0, 1, 44, 40, 18748, 0, 1, 2
16934, 0, 0, 43, 42, 18763, 0, 1, 2
16950, 0, 2, 42, 43, 18780, 0, 1, 2
16965, 0, 2, 41, 44, 18798, 0, 1, 2
16980, 0, 0, 48, 44, 18814, 0, 1, 2
16996, 0, 0, 45, 43, 18831, 0, 1, 2
17016, 0, 0, 47, 45, 18849, 0, 1, 2
17038, 0, 1, 47, 46, 18864, 0, 1, 2
17053, 0, 0, 47, 48, 18882, 0, 1, 2
17069, 0, 0, 47, 44, 18898, 0, 1, 2
17084, 0, 0, 48, 44, 18914, 0, 1, 2
17104, 0, 0, 49, 40, 18933, 0, 1, 2
17120, 0, 0, 48, 40, 18947, 0, 1, 2
17135, 0, 0, 47, 42, 18965, 0, 1, 2
17140, 0, 0, 48, 43, 18981, 0, 1, 2
17156, 0, 0, 48, 43, 18998, 0, 1, 2
17181, 0, 0, 49, 44, 19014, 0, 1, 2
17197, 0, 0, 49, 43, 19031, 0, 1, 2
17217, 0, 0, 49, 43, 19048, 0, 1, 2
17232, 0, 0, 49, 41, 19064, 0, 1, 2
17253, 0, 0, 49, 43, 19082, 0, 1, 2
17268, 0, 0, 47, 42, 19099, 0, 1, 2
17285, 0, 0, 49, 42, 19114, 0, 1, 2
17300, 0, 0, 50, 44, 19133, 0, 1, 2
17320, 0, 0, 49, 43, 19148, 0, 1, 2
17336, 0, 0, 50, 42, 19165, 0, 1, 2
17351, 0, 0, 49, 41, 19183, 0, 1, 2
17367, 0, 0, 49, 44, 19198, 0, 1, 2
17382, 0, 0, 50, 40, 19215, 0, 1, 2
17397, 0, 1, 49, 42, 19233, 0, 1, 2
17418, 0, 1, 48, 41, 19249, 0, 1, 2
17433, 0, 1, 47, 43, 19264, 0, 1, 2
17454, 0, 0, 48, 46, 19284, 0, 1, 2
17464, 0, 1, 52, 42, 19297, 0, 2, 2
17479, 0, 1, 48, 44, 19317, 0, 2, 2
17500, 0, 0, 50, 46, 19331, 0, 2, 2
17521, 0, 0, 51, 45, 19348, 0, 2, 2
17537, 0, 0, 50, 44, 19364, 0, 2, 2
17552, 0, 0, 49, 44, 19383, 0, 2, 2
17567, 0, 1, 51, 47, 19400, 0, 2, 2
17583, 0, 1, 50, 49, 19415, 0, 2, 2
17598, 0, 1, 51, 47, 19431, 0, 2, 2
17618, 0, 1, 50, 47, 19448, 0, 2, 2
17639, 0, 1, 51, 49, 19466, 0, 2, 2
17649, 0, 0, 51, 47, 19482, 0, 2, 2
17665, 0, 2, 52, 47, 19498, 0, 2, 2
17680, 0, 1, 52, 49, 19514, 0, 2, 2
17700, 0, 1, 51, 48, 19531, 0, 2, 2
17717, 0, 0, 51, 51, 19548, 0, 2, 2
17732, 0, 0, 51, 50, 19564, 0, 2, 2
17753, 0, 0, 51, 55, 19583, 0, 2, 2
17768, 0, 1, 52, 51, 19599, 0, 2, 2
17783, 0, 0, 51, 50, 19614, 0, 2, 2
17799, 0, 0, 52, 52, 19632, 0, 2, 2
17819, 0, 1, 52, 48, 19649, 0, 2, 2
17835, 0, 0, 51, 46, 19665, 0, 2, 2
17850, 0, 0, 53, 46, 19681, 0, 2, 2
17865, 0, 0, 52, 47, 19698, 0, 2, 2
17886, 0, 0, 52, 49, 19715, 0, 2, 2
17901, 0, 1, 51, 51, 19731, 0, 2, 2
17916, 0, 0, 52, 48, 19748, 0, 2, 2
17933, 0, 0, 51, 49, 19765, 0, 2, 2
17948, 0, 0, 52, 49, 19781, 0, 2, 2
17969, 0, 0, 51, 45, 19798, 0, 2, 2
17984, 0, 0, 50, 45, 19815, 0, 2, 2
17999, 0, 1, 52, 44, 19831, 0, 2, 2
18020, 0, 1, 53, 46, 19848, 0, 2, 2
18035, 0, 0, 51, 46, 19865, 0, 2, 2
18051, 0, 1, 52, 46, 19881, 0, 2, 2
18066, 0, 0, 50, 47, 19899, 0, 2, 2
18081, 0, 2, 49, 47, 19914, 0, 2, 2
18102, 0, 4, 44, 46, 19933, 0, 2, 2
18117, 0, 7, 44, 45, 19948, 0, 2, 2
18134, 0, 10, 43, 45, 19964, 0, 2, 2
18154, 0, 12, 49, 47, 19983, 0, 2, 2
18164, 0, 15, 44, 46, 19997, 0, 2, 2
18180, 0, 20, 51, 45, 20014, 0, 2, 2
18195, 0, 21, 48, 46, 20031, 0, 2, 2
18216, 0, 25, 48, 45, 20049, 0, 2, 2
18237, 0, 26, 47, 45, 20065, 0, 2, 2
18252, 0, 28, 47, 44, 20082, 0, 2, 2
18268, 0, 32, 48, 46, 20097, 0, 2, 2
18283, 0, 34, 49, 46, 20114, 0, 2, 2
18293, 0, 35, 47, 46, 20146, 0, 2, 2
18310, 0, 34, 48, 47, 20166, 0, 2, 2
18351, 0, 20, 50, 47, 20181, 0, 2, 2
18371, 0, 10, 45, 51, 20201, 0, 2, 2
18387, 0, 0, 41, 46, 20217, 0, 2, 2
18403, 0, 0, 46, 48, 20234, 0, 2, 2
18418, 0, 0, 44, 47, 20249, 0, 2, 2
18434, 0, 0, 47, 49, 20267, 0, 2, 2
18454, 0, 0, 44, 46, 20284, 0, 2, 2
18464, 0, 0, 45, 45, 20298, 0, 2, 2
18490, 0, 0, 47, 43, 20317, 0, 2, 2
18500, 0, 0, 47, 47, 20332, 0, 2, 2
18515, 0, 0, 46, 47, 20349, 0, 2, 2
18531, 0, 0, 47, 45, 20365, 0, 2, 2
18551, 0, 0, 47, 45, 20381, 0, 2, 2
18567, 0, 0, 48, 46, 20398, 0, 2, 2
18587, 0, 0, 47, 49, 20417, 0, 2, 2
18597, 0, 0, 47, 47, 20432, 0, 2, 2
18618, 0, 0, 47, 46, 20452, 0, 2, 2
18634, 0, 0, 50, 45, 20467, 0, 2, 2
18655, 0, 0, 46, 44, 20482, 0, 2, 2
18670, 0, 0, 46, 43, 20499, 0, 2, 2
18680, 0, 0, 47, 44, 20516, 0, 2, 2
18701, 0, 1, 46, 44, 20532, 0, 2, 2
18716, 0, 0, 46, 43, 20549, 0, 2, 2
18732, 0, 0, 45, 45, 20566, 0, 2, 2
18752, 0, 0, 47, 43, 20584, 0, 2, 2
18767, 0, 0, 47, 44, 20598, 0, 2, 2
18783, 0, 0, 47, 45, 20615, 0, 2, 2
18798, 0, 0, 46, 45, 20633, 0, 2, 2
18813, 0, 0, 46, 42, 20649, 0, 2, 2
18834, 0, 0, 47, 45, 20666, 0, 2, 2
18854, 0, 0, 47, 44, 20683, 0, 2, 2
18870, 0, 0, 45, 43, 20700, 0, 2, 2
18886, 0, 0, 46, 43, 20717, 0, 2, 2
18902, 0, 0, 46, 43, 20732, 0, 2, 2
18917, 0, 0, 47, 42, 20748, 0, 2, 2
18937, 0, 0, 48, 41, 20768, 0, 2, 2
18953, 0, 0, 49, 42, 20781, 0, 2, 2
18968, 0, 0, 47, 43, 20801, 0, 3, 2
18983, 0, 0, 49, 41, 20817, 0, 3, 2
18999, 0, 0, 49, 42, 20833, 0, 3, 2
19014, 0, 0, 47, 43, 20848, 0, 3, 2
19035, 0, 0, 48, 40, 20868, 0, 3, 2
19050, 0, 0, 47, 41, 20882, 0, 3, 2
19070, 0, 0, 48, 44, 20901, 0, 3, 2
19086, 0, 0, 48, 42, 20917, 0, 3, 2
19096, 0, 0, 48, 43, 20932, 0, 3, 2
19118, 0, 0, 48, 43, 20948, 0, 3, 2
19138, 0, 0, 49, 43, 20966, 0, 3, 2
19153, 0, 0, 48, 44, 20983, 0, 3, 2
19169, 0, 0, 49, 44, 20999, 0, 3, 2
19184, 0, 0, 49, 45, 21015, 0, 3, 2
19200, 0, 0, 49, 45, 21033, 0, 3, 2
19215, 0, 0, 48, 45, 21048, 0, 3, 2
19235, 0, 0, 49, 45, 21064, 0, 3, 2
19251, 0, 0, 50, 44, 21083, 0, 3, 2
19266, 0, 0, 49, 45, 21099, 0, 3, 2
19281, 0, 0, 49, 46, 21115, 0, 3, 2
19297, 0, 0, 49, 45, 21133, 0, 3, 2
19317, 0, 0, 49, 45, 21148, 0, 3, 2
19339, 0, 0, 49, 46, 21167, 0, 3, 2
19354, 0, 0, 48, 48, 21182, 0, 3, 2
19369, 0, 0, 50, 49, 21199, 0, 3, 2
19385, 0, 0, 48, 47, 21216, 0, 3, 2
19400, 0, 0, 49, 45, 21231, 0, 3, 2
19416, 0, 0, 48, 43, 21250, 0, 3, 2
19436, 0, 0, 49, 45, 21265, 0, 3, 2
19451, 0, 0, 48, 46, 21282, 0, 3, 2
20176, 0, 0, 43, 48, 22006, 1, 3, 2
20217, 0, 0, 44, 49, 22051, 1, 3, 2
20238, 0, 0, 45, 50, 22070, 1, 3, 2
20258, 0, 0, 47, 50, 22088, 1, 3, 2
20269, 0, 0, 47, 48, 22103, 1, 3, 2
20285, 0, 0, 45, 49, 22119, 1, 3, 2
20316, 0, 0, 49, 48, 22146, 1, 3, 2
20341, 0, 0, 46, 47, 22177, 1, 3, 2
20362, 0, 0, 47, 48, 22192, 1, 3, 2
20377, 0, 0, 46, 50, 22209, 1, 3, 2
20398, 0, 0, 46, 56, 22227, 1, 3, 2
20408, 0, 0, 46, 54, 22244, 1, 3, 2
20428, 0, 0, 44, 53, 22259, 1, 4, 2
20449, 0, 0, 43, 52, 22280, 1, 4, 2
20459, 0, 0, 47, 56, 22292, 1, 4, 2
20480, 0, 0, 48, 51, 22309, 1, 4, 2
20495, 0, 0, 48, 53, 22327, 1, 4, 2
20515, 0, 0, 47, 49, 22345, 1, 4, 2
20526, 0, 0, 46, 47, 22361, 1, 4, 2
20541, 0, 0, 50, 47, 22378, 1, 4, 2
20562, 0, 0, 50, 49, 22393, 1, 4, 2
20578, 0, 0, 50, 48, 22409, 1, 4, 2
20593, 0, 0, 48, 48, 22427, 1, 4, 2
20609, 0, 0, 44, 46, 22443, 1, 4, 2
20649, 0, 0, 48, 48, 22481, 1, 4, 2
20660, 0, 0, 52, 52, 22495, 1, 4, 2
20680, 0, 0, 50, 47, 22512, 1, 4, 2
20701, 0, 0, 51, 48, 22531, 1, 4, 2
20711, 0, 0, 51, 47, 22545, 1, 4, 2
20731, 0, 0, 48, 47, 22564, 1, 4, 2
20747, 0, 0, 48, 47, 22580, 1, 4, 2
20762, 0, 0, 47, 47, 22597, 1, 4, 2
20783, 0, 0, 48, 47, 22612, 1, 4, 2
20788, 0, 0, 47, 46, 22630, 1, 4, 2
20814, 0, 0, 49, 47, 22645, 1, 4, 2
20830, 0, 0, 50, 45, 22662, 1, 4, 2
20845, 0, 1, 48, 46, 22679, 1, 4, 2
20860, 0, 0, 50, 46, 22695, 1, 4, 2
20881, 0, 0, 44, 45, 22714, 1, 4, 2
20896, 0, 0, 48, 47, 22729, 1, 4, 2
20917, 0, 0, 49, 46, 22748, 1, 4, 2
20927, 0, 0, 49, 45, 22762, 1, 4, 2
20942, 0, 0, 50, 45, 22779, 1, 4, 2
20963, 0, 0, 47, 43, 22799, 1, 4, 2
20983, 0, 0, 48, 43, 22813, 1, 4, 2
20999, 0, 0, 46, 41, 22832, 1, 4, 2
21014, 0, 0, 41, 44, 22845, 1, 4, 2
21024, 0, 0, 39, 41, 22863, 1, 4, 2
21045, 0, 0, 43, 38, 22878, 1, 4, 2
21066, 0, 0, 39, 43, 22898, 1, 4, 2
21082, 0, 0, 39, 54, 22911, 1, 4, 2
21097, 0, 0, 49, 50, 22928, 1, 4, 2
21112, 0, 0, 43, 58, 22945, 1, 4, 2
21123, 0, 0, 45, 54, 22964, 1, 4, 2
21143, 0, 0, 43, 61, 22978, 1, 4, 2
21153, 0, 0, 47, 63, 23049, 1, 4, 2
21220, 0, 0, 47, 79, 23054, 1, 4, 2
21240, 0, 0, 44, 104, 23070, 1, 4, 2
21251, 0, 0, 45, 108, 23087, 1, 4, 2
21272, 0, 0, 46, 130, 23103, 1, 4, 2
21287, 0, 0, 47, 135, 23120, 1, 4, 2
21303, 0, 0, 42, 150, 23137, 1, 4, 2
21323, 0, 0, 35, 173, 23156, 1, 4, 2
21340, 0, 0, 29, 182, 23170, 1, 4, 2
21350, 0, 0, 19, 199, 23187, 1, 4, 2
21370, 0, 0, 20, 212, 23203, 1, 4, 2
21386, 0, 0, 20, 200, 23220, 1, 4, 2
21406, 0, 0, 22, 207, 23239, 1, 4, 2
21417, 0, 0, 21, 208, 23254, 1, 4, 2
21438, 0, 1, 23, 207, 23271, 1, 4, 2
21453, 0, 0, 26, 202, 23287, 1, 4, 2
21474, 0, 0, 29, 197, 23306, 1, 4, 2
21489, 0, 0, 32, 167, 23320, 1, 4, 2
21506, 0, 0, 35, 105, 23336, 1, 4, 2
21521, 0, 0, 43, 45, 23354, 1, 4, 2
21536, 0, 0, 40, 25, 23370, 1, 4, 2
21557, 0, 0, 44, 24, 23387, 1, 4, 2
21572, 0, 0, 45, 25, 23405, 1, 4, 2
21587, 0, 0, 45, 27, 23420, 1, 4, 2
21603, 0, 0, 48, 24, 23436, 1, 4, 2
21618, 0, 0, 48, 23, 23453, 1, 4, 2
21634, 0, 0, 48, 28, 23470, 1, 4, 2
21654, 0, 0, 48, 35, 23486, 1, 4, 2
21669, 0, 0, 50, 29, 23504, 1, 4, 2
21690, 0, 1, 50, 36, 23521, 1, 4, 2
21700, 0, 0, 49, 37, 23539, 1, 4, 2
21722, 0, 0, 50, 40, 23554, 1, 4, 2
21737, 0, 0, 51, 39, 23571, 1, 4, 2
21757, 0, 0, 51, 40, 23588, 1, 4, 2
21768, 0, 0, 51, 39, 23603, 1, 4, 2
21788, 0, 0, 51, 40, 23620, 1, 4, 2
21798, 0, 0, 50, 40, 23640, 1, 4, 2
21819, 0, 1, 53, 41, 23655, 1, 4, 2
21834, 0, 0, 52, 36, 23671, 1, 4, 2
21850, 0, 0, 51, 34, 23687, 1, 4, 2
21870, 0, 0, 52, 37, 23703, 1, 4, 2
21885, 0, 0, 53, 34, 23720, 1, 4, 2
21906, 0, 0, 53, 38, 23739, 1, 4, 2
21916, 0, 0, 53, 40, 23753, 1, 4, 2
21937, 0, 0, 54, 39, 23770, 1, 4, 2
21958, 0, 2, 53, 41, 23790, 1, 4, 2
21974, 0, 0, 52, 40, 23803, 1, 4, 2
21989, 0, 1, 53, 37, 23822, 1, 4, 2
22004, 0, 0, 53, 39, 23839, 1, 4, 2
22020, 0, 0, 51, 32, 23856, 1, 4, 2
22035, 0, 0, 53, 37, 23871, 1, 4, 2
22055, 0, 0, 53, 36, 23887, 1, 4, 2
22071, 0, 1, 53, 37, 23904, 1, 4, 2
22086, 0, 0, 52, 39, 23920, 1, 4, 2
22102, 0, 0, 52, 38, 23936, 1, 4, 2
22117, 0, 0, 53, 39, 23953, 1, 4, 2
22137, 0, 0, 53, 39, 23970, 1, 4, 2
22158, 0, 1, 54, 43, 23988, 1, 4, 2
22168, 0, 0, 55, 41, 24004, 1, 4, 2
22183, 0, 0, 54, 43, 24021, 1, 4, 2
22200, 0, 0, 54, 40, 24037, 1, 4, 2
22220, 0, 1, 53, 38, 24054, 1, 4, 2
22241, 0, 0, 53, 40, 24071, 1, 4, 2
22256, 0, 0, 53, 40, 24087, 1, 4, 2
22272, 0, 0, 53, 43, 24105, 1, 4, 2
22287, 0, 0, 54, 40, 24120, 1, 4, 2
22302, 0, 0, 54, 41, 24137, 1, 4, 2
22318, 0, 0, 55, 38, 24155, 1, 4, 2
22338, 0, 0, 54, 41, 24170, 1, 4, 2
22348, 0, 0, 55, 43, 24188, 1, 4, 2
22359, 0, 0, 53, 42, 24204, 1, 4, 2
22384, 0, 0, 54, 41, 24221, 1, 4, 2
22400, 0, 0, 55, 42, 24239, 1, 4, 2
22421, 0, 0, 55, 42, 24255, 1, 4, 2
22436, 0, 0, 55, 43, 24269, 1, 4, 2
22457, 0, 0, 53, 42, 24291, 1, 4, 2
22472, 0, 0, 55, 41, 24304, 1, 4, 2
22477, 0, 0, 56, 40, 24323, 1, 4, 2
22503, 0, 0, 55, 42, 24336, 1, 4, 2
22518, 0, 0, 54, 44, 24354, 1, 4, 2
22539, 0, 0, 56, 42, 24371, 1, 4, 2
22554, 0, 0, 55, 43, 24388, 1, 4, 2
22569, 0, 1, 54, 43, 24403, 1, 4, 2
22585, 0, 0, 55, 42, 24420, 1, 4, 2
22600, 0, 1, 55, 43, 24437, 1, 4, 2
22621, 0, 0, 55, 45, 24455, 1, 4, 2
22637, 0, 0, 56, 44, 24470, 1, 4, 2
22658, 0, 0, 55, 47, 24487, 1, 4, 2
22673, 0, 0, 56, 46, 24503, 1, 4, 2
22683, 0, 0, 55, 42, 24520, 1, 4, 2
22704, 0, 0, 55, 42, 24539, 1, 4, 2
22719, 0, 0, 56, 42, 24554, 1, 4, 2
22734, 0, 0, 56, 42, 24578, 1, 4, 2
22755, 0, 0, 56, 44, 24591, 1, 4, 2
22775, 0, 0, 56, 44, 24611, 1, 4, 2
22791, 0, 0, 56, 45, 24625, 1, 4, 2
22806, 0, 0, 57, 45, 24641, 1, 4, 2
22822, 0, 0, 56, 39, 24658, 1, 4, 2
22838, 0, 0, 56, 38, 24673, 1, 4, 2
22858, 0, 1, 55, 42, 24691, 1, 4, 2
22874, 0, 0, 56, 45, 24708, 1, 4, 2
22889, 0, 1, 56, 42, 24726, 1, 4, 2
22904, 0, 0, 56, 44, 24745, 1, 4, 3
22920, 0, 0, 56, 45, 24757, 1, 4, 3
22940, 0, 1, 56, 44, 24774, 1, 4, 3
22956, 0, 1, 56, 45, 24790, 1, 4, 3
22976, 0, 0, 57, 47, 24809, 1, 4, 3
22991, 0, 0, 56, 44, 24825, 1, 4, 3
23007, 0, 0, 55, 47, 24847, 1, 4, 3
23023, 0, 0, 55, 45, 24858, 1, 4, 3
23038, 0, 0, 55, 40, 24877, 1, 4, 3
23054, 0, 0, 57, 43, 24891, 1, 4, 3
23074, 0, 0, 56, 43, 24911, 1, 4, 3
23090, 0, 0, 56, 41, 24924, 1, 4, 3
23100, 0, 0, 56, 44, 24943, 1, 4, 3
23120, 0, 0, 56, 43, 24957, 1, 4, 3
23141, 0, 0, 56, 40, 24978, 1, 4, 3
23156, 0, 0, 56, 42, 24991, 1, 4, 3
23172, 0, 0, 55, 44, 25010, 1, 4, 3
23192, 0, 0, 56, 41, 25024, 1, 4, 3
23202, 0, 0, 56, 42, 25041, 1, 4, 3
23223, 0, 0, 56, 43, 25057, 1, 4, 3
23239, 0, 1, 57, 44, 25076, 1, 4, 3
23260, 0, 1, 56, 44, 25091, 1, 4, 3
23275, 0, 0, 56, 41, 25109, 1, 4, 3
23290, 0, 0, 55, 45, 25127, 1, 4, 3
23306, 0, 0, 55, 44, 25141, 1, 4, 3
23321, 0, 0, 56, 43, 25158, 1, 4, 3
23336, 0, 1, 56, 44, 25173, 1, 4, 3
23357, 0, 1, 56, 41, 25193, 1, 4, 3
23372, 0, 0, 55, 41, 25210, 1, 4, 3
23388, 0, 0, 56, 42, 25224, 1, 4, 3
23408, 0, 1, 55, 38, 25245, 1, 4, 3
23424, 0, 0, 56, 43, 25257, 1, 4, 3
23440, 0, 1, 56, 43, 25277, 1, 4, 3
23460, 0, 0, 56, 44, 25290, 1, 4, 3
23476, 0, 0, 55, 43, 25310, 1, 4, 3
23491, 0, 0, 56, 43, 25327, 1, 4, 3
23506, 0, 0, 56, 41, 25344, 1, 4, 3
23522, 0, 0, 56, 45, 25358, 1, 4, 3
23537, 0, 0, 55, 46, 25376, 1, 4, 3
23558, 0, 0, 59, 42, 25393, 1, 4, 3
23573, 0, 0, 56, 41, 25410, 1, 4, 3
23588, 0, 1, 56, 41, 25424, 1, 4, 3
23609, 0, 0, 56, 44, 25442, 1, 4, 3
23624, 0, 0, 56, 42, 25457, 1, 4, 3
23641, 0, 0, 57, 44, 25474, 1, 4, 3
23661, 0, 0, 56, 40, 25492, 1, 4, 3
23676, 0, 0, 56, 42, 25508, 1, 4, 3
23692, 0, 0, 58, 42, 25525, 1, 4, 3
23707, 0, 0, 57, 42, 25543, 1, 4, 3
23723, 0, 0, 56, 40, 25558, 1, 4, 3
23743, 0, 0, 57, 41, 25578, 1, 4, 3
23758, 0, 0, 57, 44, 25593, 1, 4, 3
23774, 0, 0, 58, 43, 25609, 1, 4, 3
23789, 0, 0, 57, 43, 25625, 1, 4, 3
23810, 0, 0, 57, 39, 25643, 1, 4, 3
23820, 0, 0, 57, 40, 25657, 1, 4, 3
23840, 0, 0, 57, 42, 25674, 1, 4, 3
23862, 0, 0, 57, 44, 25692, 1, 4, 3
23872, 0, 0, 57, 40, 25708, 1, 4, 3
23892, 0, 0, 57, 43, 25724, 1, 4, 3
23908, 0, 2, 57, 39, 25742, 1, 4, 3
23923, 0, 0, 57, 40, 25760, 1, 4, 3
23939, 0, 2, 57, 42, 25774, 1, 4, 3
23959, 0, 0, 57, 42, 25793, 1, 4, 3
23974, 0, 0, 59, 44, 25809, 1, 4, 3
23990, 0, 0, 57, 45, 25828, 1, 4, 3
24005, 0, 0, 58, 47, 25842, 1, 4, 3
24020, 0, 0, 57, 43, 25858, 1, 4, 3
24041, 0, 0, 57, 43, 25874, 1, 4, 3
24057, 0, 0, 57, 41, 25892, 1, 4, 3
24073, 0, 0, 57, 42, 25907, 1, 4, 3
24093, 0, 0, 58, 39, 25926, 1, 4, 3
24109, 0, 0, 57, 40, 25943, 1, 4, 3
24124, 0, 0, 56, 41, 25959, 1, 4, 3
24139, 0, 0, 57, 40, 25975, 1, 4, 3
24160, 0, 0, 57, 39, 25991, 1, 4, 3
24175, 0, 0, 58, 41, 26010, 1, 4, 3
24190, 0, 0, 57, 39, 26026, 1, 4, 3
24206, 0, 0, 57, 42, 26043, 1, 4, 3
24221, 0, 0, 58, 40, 26057, 1, 4, 3
24242, 0, 0, 57, 43, 26075, 1, 4, 3
24257, 0, 0, 59, 42, 26092, 1, 4, 3
24279, 0, 1, 58, 44, 26110, 1, 4, 3
24289, 0, 1, 58, 44, 26127, 1, 4, 3
24304, 0, 0, 58, 43, 26141, 1, 4, 3
24320, 0, 0, 57, 46, 26158, 1, 4, 3
24340, 0, 1, 57, 45, 26175, 1, 4, 3
24360, 0, 0, 57, 44, 26192, 1, 4, 3
24376, 0, 0, 58, 46, 26209, 1, 4, 3
24391, 0, 0, 58, 44, 26224, 1, 4, 3
24407, 0, 0, 59, 44, 26245, 1, 4, 3
24422, 0, 0, 57, 45, 26258, 1, 4, 3
24442, 0, 0, 58, 44, 26275, 1, 4, 3
24458, 0, 0, 57, 45, 26292, 1, 4, 3
24473, 0, 0, 60, 45, 26308, 1, 4, 3
24489, 0, 0, 57, 43, 26325, 1, 4, 3
24505, 0, 0, 58, 44, 26341, 1, 4, 3
24520, 0, 0, 58, 43, 26357, 1, 4, 3
24541, 0, 0, 58, 44, 26375, 1, 4, 3
24556, 0, 0, 57, 44, 26391, 1, 4, 3
24571, 0, 0, 57, 44, 26407, 1, 4, 3
24592, 0, 0, 59, 43, 26427, 1, 4, 3
24607, 0, 2, 59, 43, 26441, 1, 4, 3
24623, 0, 0, 58, 46, 26458, 1, 4, 3
24638, 0, 1, 58, 44, 26475, 1, 4, 3
24658, 0, 0, 57, 44, 26490, 1, 4, 3
24674, 0, 1, 57, 44, 26508, 1, 4, 3
24689, 0, 0, 58, 44, 26527, 1, 4, 3
24706, 0, 1, 58, 44, 26542, 1, 4, 3
24721, 0, 0, 58, 43, 26558, 1, 4, 3
24736, 0, 0, 57, 43, 26577, 1, 4, 3
24752, 0, 0, 58, 44, 26593, 1, 4, 3
24777, 0, 0, 57, 44, 26612, 1, 4, 3
24787, 0, 1, 57, 45, 26640, 1, 4, 3
24813, 0, 0, 57, 46, 26649, 1, 4, 3
24828, 0, 0, 59, 45, 26665, 1, 4, 3
24844, 0, 0, 58, 45, 26682, 1, 4, 3
24885, 0, 0, 58, 47, 26720, 1, 4, 3
24900, 0, 0, 58, 47, 26738, 1, 4, 3
24916, 0, 0, 57, 48, 26762, 1, 4, 3
24937, 0, 0, 57, 47, 26781, 1, 4, 3
24952, 0, 0, 58, 45, 26791, 1, 4, 3
24968, 0, 0, 58, 46, 26822, 1, 4, 3
24998, 0, 0, 58, 47, 26836, 1, 4, 3
25009, 0, 0, 58, 47, 26853, 1, 4, 3
25039, 0, 0, 58, 45, 26877, 1, 4, 3
25060, 0, 0, 58, 46, 26895, 1, 4, 3
25075, 0, 0, 59, 44, 26911, 1, 4, 3
25091, 0, 0, 58, 45, 26928, 1, 4, 3
25106, 0, 0, 57, 45, 26944, 1, 4, 3
25127, 0, 0, 58, 45, 26962, 1, 4, 3
25143, 0, 0, 57, 45, 26977, 1, 4, 3
25163, 0, 0, 59, 46, 26994, 1, 4, 3
25179, 0, 0, 58, 46, 27011, 1, 4, 3
25194, 0, 0, 57, 46, 27028, 1, 4, 3
25209, 0, 0, 58, 47, 27044, 1, 4, 3
25225, 0, 0, 58, 53, 27061, 1, 4, 3
25235, 0, 0, 57, 51, 27078, 1, 4, 3
25261, 0, 0, 57, 53, 27099, 1, 4, 3
25276, 0, 0, 59, 52, 27112, 1, 4, 3
25291, 0, 0, 58, 54, 27128, 1, 4, 3
25307, 0, 0, 58, 55, 27144, 1, 4, 3
25322, 0, 0, 58, 52, 27161, 1, 4, 3
25344, 0, 0, 56, 46, 27178, 1, 4, 3
25359, 0, 0, 58, 46, 27194, 1, 4, 3
25379, 0, 0, 58, 44, 27211, 1, 4, 3
25395, 0, 0, 58, 44, 27228, 1, 4, 3
25410, 0, 1, 58, 48, 27244, 1, 4, 3
25420, 0, 0, 57, 46, 27261, 1, 4, 3
25441, 0, 0, 57, 46, 27278, 1, 4, 3
25456, 0, 0, 58, 47, 27295, 1, 4, 3
25477, 0, 0, 58, 45, 27312, 1, 4, 3
25492, 0, 0, 58, 45, 27328, 1, 4, 3
25507, 0, 0, 58, 44, 27345, 1, 4, 3
25523, 0, 1, 59, 40, 27360, 1, 4, 3
25544, 0, 0, 57, 44, 27379, 1, 4, 3
25560, 0, 1, 58, 44, 27395, 1, 4, 3
25575, 0, 0, 57, 43, 27412, 1, 4, 3
25595, 0, 0, 58, 43, 27429, 1, 4, 3
25606, 0, 0, 57, 43, 27444, 1, 4, 3
25626, 0, 0, 57, 44, 27461, 1, 4, 3
25641, 0, 0, 58, 43, 27479, 1, 4, 3
25662, 0, 0, 59, 44, 27495, 1, 4, 3
25672, 0, 0, 59, 46, 27513, 1, 4, 3
25693, 0, 1, 58, 45, 27529, 1, 4, 3
25708, 0, 0, 58, 46, 27545, 1, 4, 3
25723, 0, 0, 58, 43, 27561, 1, 4, 3
25744, 0, 0, 59, 43, 27578, 1, 4, 3
25760, 0, 0, 58, 44, 27596, 1, 4, 3
25776, 0, 0, 57, 45, 27612, 1, 4, 3
25791, 0, 0, 58, 44, 27628, 1, 4, 3
25806, 0, 1, 58, 46, 27644, 1, 4, 3
25822, 0, 0, 57, 45, 27661, 1, 4, 3
25842, 0, 0, 58, 45, 27678, 1, 4, 3
25858, 0, 0, 58, 46, 27694, 1, 4, 3
25873, 0, 0, 58, 47, 27712, 1, 4, 3
25893, 0, 0, 59, 48, 27728, 1, 4, 3
25909, 0, 0, 59, 47, 27744, 1, 4, 3
25924, 0, 0, 58, 46, 27761, 1, 4, 3
25945, 0, 0, 60, 46, 27777, 1, 4, 3
25960, 0, 0, 58, 47, 27794, 1, 4, 3
25975, 0, 0, 58, 45, 27810, 1, 4, 3
25992, 0, 0, 58, 44, 27828, 1, 4, 3
26007, 0, 0, 58, 46, 27844, 1, 4, 3
26028, 0, 0, 58, 48, 27861, 1, 4, 3
26043, 0, 0, 58, 49, 27877, 1, 4, 3
26063, 0, 0, 57, 45, 27895, 1, 4, 3
26074, 0, 0, 58, 48, 27911, 1, 4, 3
26089, 0, 0, 58, 47, 27928, 1, 4, 3
26104, 0, 1, 56, 46, 27945, 1, 4, 3
26125, 0, 0, 56, 48, 27961, 1, 4, 3
26140, 0, 0, 57, 46, 27977, 1, 4, 3
26161, 0, 0, 58, 46, 27993, 1, 4, 3
26208, 0, 0, 57, 47, 28051, 1, 1, 3
26233, 0, 1, 57, 47, 28069, 1, 1, 3
26249, 0, 0, 58, 47, 28085, 1, 1, 3
26264, 0, 1, 57, 49, 28103, 1, 1, 3
26285, 0, 0, 60, 49, 28119, 1, 1, 3
26300, 0, 0, 57, 47, 28135, 1, 1, 3
26315, 0, 0, 58, 50, 28151, 1, 1, 3
26331, 0, 0, 59, 48, 28169, 1, 1, 3
26346, 0, 0, 58, 48, 28185, 1, 1, 3
26361, 0, 0, 58, 48, 28201, 1, 1, 3
26382, 0, 0, 57, 49, 28218, 1, 1, 3
26403, 0, 0, 60, 49, 28236, 1, 1, 3
26414, 0, 0, 60, 53, 28250, 1, 1, 3
26434, 0, 1, 58, 49, 28268, 1, 1, 3
26449, 0, 0, 58, 48, 28285, 1, 1, 3
26465, 0, 0, 60, 49, 28301, 1, 1, 3
26485, 0, 0, 59, 48, 28317, 1, 1, 3
26501, 0, 0, 57, 48, 28334, 1, 1, 3
26516, 0, 0, 57, 48, 28350, 1, 1, 3
26531, 0, 0, 56, 47, 28367, 1, 1, 3
26547, 0, 0, 55, 49, 28384, 1, 1, 3
26562, 0, 0, 56, 47, 28402, 1, 1, 3
26583, 0, 0, 53, 51, 28417, 1, 1, 3
26603, 0, 0, 53, 47, 28437, 1, 1, 3
26613, 954, 0, 49, 47, 28454, 1, 1, 3
26635, 899, 0, 49, 46, 28469, 1, 1, 3
26650, 890, 0, 49, 48, 28486, 1, 1, 3
26667, 999, 1, 45, 48, 28502, 1, 1, 3
26682, 998, 0, 44, 44, 28519, 1, 1, 3
26703, 1003, 0, 43, 46, 28538, 1, 1, 3
26714, 1015, 0, 48, 44, 28552, 1, 1, 3
26730, 1017, 0, 47, 49, 28568, 1, 1, 3
26752, 1023, 0, 48, 51, 28586, 1, 1, 3
26767, 1023, 0, 45, 48, 28602, 1, 1, 3
26783, 1023, 0, 51, 47, 28620, 1, 1, 3
26799, 1023, 0, 50, 48, 28635, 1, 1, 3
26815, 1023, 0, 50, 48, 28652, 1, 1, 3
26835, 1023, 1, 49, 48, 28669, 1, 1, 3
26847, 1023, 0, 47, 48, 28686, 1, 1, 3
26867, 1023, 0, 45, 47, 28702, 1, 1, 3
26884, 1023, 0, 49, 50, 28721, 1, 1, 3
26899, 1023, 0, 48, 47, 28737, 1, 1, 3
26915, 1023, 0, 50, 48, 28752, 1, 1, 3
26932, 1023, 0, 51, 49, 28770, 1, 1, 3
26947, 1023, 0, 51, 49, 28786, 1, 1, 3
26963, 1023, 0, 53, 47, 28802, 1, 1, 3
26984, 1023, 0, 51, 50, 28819, 1, 1, 3
27000, 1023, 1, 52, 50, 28838, 1, 1, 3
27016, 1023, 0, 53, 49, 28852, 1, 1, 3
27032, 1023, 0, 54, 50, 28869, 1, 1, 3
27054, 1023, 0, 54, 51, 28885, 1, 1, 3
27064, 1023, 0, 54, 51, 28902, 1, 1, 3
27085, 1023, 1, 50, 51, 28918, 1, 1, 3
27101, 1019, 0, 50, 51, 28937, 1, 1, 3
27117, 1022, 0, 47, 49, 28953, 1, 1, 3
27132, 1021, 2, 39, 50, 28969, 1, 1, 3
27149, 929, 1, 42, 49, 28985, 1, 1, 3
27164, 978, 2, 45, 48, 29002, 1, 1, 3
27181, 0, 0, 43, 50, 29019, 1, 1, 3
27201, 0, 0, 48, 49, 29038, 1, 1, 3
27216, 0, 0, 46, 48, 29052, 1, 1, 3
27232, 0, 0, 51, 48, 29069, 1, 1, 3
27247, 0, 0, 48, 47, 29085, 1, 1, 3
27268, 0, 0, 49, 48, 29103, 1, 1, 3
27283, 0, 0, 47, 49, 29119, 1, 1, 3
27303, 0, 0, 51, 49, 29137, 1, 1, 3
27319, 0, 0, 49, 47, 29153, 1, 1, 3
27334, 0, 0, 52, 47, 29169, 1, 1, 3
27350, 0, 0, 50, 47, 29186, 1, 1, 3
27365, 0, 0, 51, 48, 29202, 1, 1, 3
27380, 0, 0, 49, 47, 29219, 1, 1, 3
27402, 0, 0, 50, 48, 29237, 1, 1, 3
27417, 0, 0, 52, 47, 29252, 1, 1, 3
27432, 0, 0, 50, 45, 29269, 1, 1, 3
27448, 0, 0, 53, 46, 29285, 1, 1, 3
27463, 0, 0, 50, 46, 29302, 1, 1, 3
27484, 0, 0, 52, 48, 29319, 1, 1, 3
27504, 0, 0, 49, 46, 29338, 1, 1, 3
27520, 0, 0, 48, 45, 29353, 1, 1, 3
27535, 0, 0, 47, 45, 29369, 1, 1, 3
27550, 0, 0, 50, 46, 29388, 1, 1, 3
27566, 0, 0, 49, 47, 29403, 1, 1, 3
27581, 0, 0, 49, 47, 29419, 1, 1, 3
27601, 0, 0, 51, 48, 29436, 1, 1, 3
27617, 0, 0, 49, 45, 29453, 1, 1, 3
27633, 0, 0, 50, 45, 29470, 1, 1, 3
27649, 0, 0, 51, 45, 29485, 1, 1, 3
27664, 0, 0, 50, 46, 29502, 1, 2, 3
27684, 0, 1, 53, 44, 29521, 1, 2, 3
27705, 0, 0, 51, 43, 29538, 1, 2, 3
27705, 0, 0, 51, 43, 29553, 1, 2, 3
27736, 0, 0, 50, 45, 29570, 1, 2, 3
27751, 0, 1, 51, 44, 29587, 1, 2, 3
27766, 0, 0, 50, 46, 29603, 1, 2, 3
27782, 0, 0, 51, 45, 29620, 1, 2, 3
27802, 0, 0, 53, 48, 29638, 1, 2, 3
27817, 0, 0, 50, 46, 29655, 1, 2, 3
27834, 0, 0, 51, 45, 29671, 1, 2, 3
27849, 0, 0, 53, 46, 29687, 1, 2, 3
27865, 0, 0, 52, 47, 29705, 1, 2, 3
27885, 0, 0, 54, 45, 29720, 1, 2, 3
27900, 0, 0, 51, 46, 29737, 1, 2, 3
27916, 0, 0, 55, 47, 29753, 1, 2, 3
27936, 0, 0, 52, 45, 29772, 1, 2, 3
27947, 0, 0, 52, 46, 29786, 1, 2, 3
27967, 0, 0, 53, 47, 29804, 1, 2, 3
27982, 0, 0, 54, 46, 29820, 1, 2, 3
28003, 0, 0, 54, 44, 29837, 1, 2, 3
28018, 0, 0, 54, 49, 29854, 1, 2, 3
28035, 0, 1, 52, 48, 29873, 1, 2, 3
28050, 0, 0, 51, 49, 29887, 1, 2, 3
28065, 0, 0, 53, 46, 29904, 1, 2, 3
28086, 0, 0, 52, 46, 29923, 1, 2, 3
28101, 0, 0, 53, 46, 29938, 1, 2, 3
28116, 0, 0, 54, 49, 29953, 1, 2, 3
28132, 0, 0, 54, 51, 29971, 1, 2, 3
28152, 0, 0, 52, 51, 29990, 1, 2, 3
28168, 0, 0, 53, 51, 30004, 1, 2, 3
28183, 0, 0, 54, 51, 30022, 1, 2, 3
28204, 0, 1, 56, 51, 30037, 1, 2, 3
28214, 0, 1, 54, 50, 30053, 1, 2, 3
28234, 0, 0, 53, 49, 30070, 1, 2, 3
28251, 0, 0, 54, 49, 30089, 1, 2, 3
28266, 0, 0, 55, 49, 30103, 1, 2, 3
28286, 0, 0, 54, 49, 30122, 1, 2, 3
28302, 0, 0, 54, 48, 30139, 1, 2, 3
28317, 0, 2, 52, 48, 30155, 1, 2, 3
28333, 0, 4, 53, 49, 30172, 1, 2, 3
28348, 0, 14, 53, 48, 30187, 1, 2, 3
28363, 0, 16, 52, 46, 30203, 1, 2, 3
28385, 0, 21, 52, 47, 30221, 1, 2, 3
28400, 0, 24, 51, 49, 30238, 1, 2, 3
28421, 0, 36, 54, 48, 30255, 1, 2, 3
28436, 0, 50, 53, 48, 30271, 1, 2, 3
28451, 0, 64, 53, 49, 30288, 1, 2, 3
28468, 0, 82, 50, 47, 30304, 1, 2, 3
28483, 0, 99, 53, 44, 30320, 1, 2, 3
28498, 0, 128, 50, 44, 30338, 1, 2, 3
28520, 0, 154, 49, 46, 30354, 1, 2, 3
28535, 0, 165, 51, 45, 30375, 1, 2, 3
28551, 0, 179, 49, 53, 30387, 1, 2, 3
28567, 0, 202, 51, 55, 30403, 1, 2, 3
28582, 0, 229, 48, 55, 30419, 1, 2, 3
28603, 0, 251, 50, 57, 30437, 1, 2, 3
28614, 0, 262, 49, 57, 30453, 1, 2, 3
28635, 0, 272, 50, 56, 30470, 1, 2, 3
28650, 0, 303, 52, 53, 30489, 1, 2, 3
28666, 0, 325, 52, 55, 30505, 1, 2, 3
28687, 0, 339, 53, 53, 30521, 1, 2, 3
28703, 0, 340, 49, 54, 30540, 1, 2, 3
28719, 0, 355, 52, 50, 30554, 1, 2, 3
28734, 0, 366, 51, 50, 30571, 1, 2, 3
28750, 0, 373, 53, 54, 30588, 1, 2, 3
28766, 0, 373, 53, 51, 30604, 1, 2, 3
28781, 0, 364, 52, 49, 30623, 1, 2, 3
28797, 0, 366, 52, 51, 30636, 1, 2, 3
28818, 0, 383, 54, 54, 30654, 1, 2, 3
28833, 0, 390, 55, 48, 30670, 1, 2, 3
28845, 0, 394, 54, 48, 30687, 1, 2, 3
28855, 0, 405, 54, 47, 30716, 1, 2, 3
28917, 0, 434, 53, 47, 30808, 1, 2, 3
28986, 0, 432, 53, 47, 30826, 1, 2, 3
29006, 0, 434, 52, 49, 30841, 1, 2, 3
29011, 0, 436, 53, 47, 30864, 1, 2, 3
29043, 0, 428, 52, 47, 30883, 1, 2, 3
29059, 0, 411, 51, 45, 30898, 1, 2, 3
29080, 0, 367, 50, 47
, 30915, 1, 2, 3
29090, 0, 337, 50, 47, 30941, 1, 2, 3
29220, 0, 0, 42, 40, 31058, 1, 2, 3
29236, 0, 0, 52, 38, 31076, 1, 2, 3
29256, 0, 0, 54, 39, 31091, 1, 2, 3
29272, 0, 1, 54, 40, 31109, 1, 2, 3
29287, 0, 0, 51, 41, 31124, 1, 2, 3
29302, 0, 1, 47, 41, 31142, 1, 2, 3
29318, 0, 0, 50, 40, 31158, 1, 2, 3
29338, 0, 0, 50, 39, 31174, 1, 2, 3
29353, 0, 0, 48, 42, 31191, 1, 2, 3
29374, 0, 0, 50, 43, 31210, 1, 2, 3
29389, 0, 0, 50, 44, 31227, 1, 2, 3
29400, 0, 0, 51, 38, 31242, 1, 2, 3
29416, 0, 0, 49, 41, 31257, 1, 2, 3
29436, 0, 0, 53, 39, 31275, 1, 2, 3
29457, 0, 0, 51, 40, 31292, 1, 2, 3
29472, 0, 0, 51, 41, 31309, 1, 2, 3
29488, 0, 0, 51, 45, 31325, 1, 2, 3
29503, 0, 0, 52, 43, 31342, 1, 2, 3
29518, 0, 0, 52, 45, 31358, 1, 2, 3
29534, 0, 1, 50, 45, 31374, 1, 2, 3
29554, 0, 1, 53, 47, 31391, 1, 2, 3
29575, 0, 1, 51, 43, 31409, 1, 2, 3
29585, 0, 1, 51, 44, 31426, 1, 2, 3
29605, 0, 1, 52, 45, 31443, 1, 2, 3
29617, 0, 2, 52, 44, 31461, 1, 2, 3
29637, 0, 1, 51, 40, 31475, 1, 2, 3
29658, 0, 1, 51, 40, 31493, 1, 2, 3
29673, 0, 1, 53, 42, 31508, 1, 2, 3
29688, 0, 2, 52, 41, 31525, 1, 2, 3
29704, 0, 2, 52, 43, 31542, 1, 3, 3
29719, 0, 0, 50, 40, 31558, 1, 3, 3
29734, 0, 1, 52, 40, 31575, 1, 3, 3
29755, 0, 1, 53, 40, 31591, 1, 3, 3
29770, 0, 1, 54, 39, 31608, 1, 3, 3
29786, 0, 0, 51, 42, 31625, 1, 3, 3
29801, 0, 1, 54, 43, 31641, 1, 3, 3
29816, 0, 1, 53, 44, 31658, 1, 3, 3
29838, 0, 1, 51, 40, 31674, 1, 3, 3
29853, 0, 3, 50, 45, 31692, 1, 3, 3
29869, 0, 2, 54, 45, 31709, 1, 3, 3
29889, 0, 3, 52, 45, 31724, 1, 3, 3
29904, 0, 2, 54, 44, 31743, 1, 3, 3
29920, 0, 0, 52, 45, 31758, 1, 3, 3
29935, 0, 1, 52, 44, 31776, 1, 3, 3
29956, 0, 2, 51, 44, 31791, 1, 3, 3
29971, 0, 2, 50, 44, 31807, 1, 3, 3
29986, 0, 2, 51, 45, 31824, 1, 3, 3
30002, 0, 1, 51, 43, 31841, 1, 3, 3
30022, 0, 1, 52, 45, 31860, 1, 3, 3
30039, 0, 3, 52, 45, 31876, 1, 3, 3
30044, 0, 1, 53, 45, 31895, 1, 3, 3
30074, 0, 0, 53, 43, 31910, 1, 3, 3
30090, 0, 2, 54, 43, 31926, 1, 3, 3
30105, 0, 0, 53, 44, 31942, 1, 3, 3
30120, 0, 0, 53, 42, 31960, 1, 3, 3
30136, 0, 0, 53, 43, 31976, 1, 3, 3
30156, 0, 1, 53, 39, 31992, 1, 3, 3
30172, 0, 0, 54, 41, 32009, 1, 3, 3
30187, 0, 0, 54, 41, 32025, 1, 3, 3
30202, 0, 2, 53, 39, 32042, 1, 3, 3
30218, 0, 0, 62, 41, 32062, 1, 3, 3
30238, 0, 0, 80, 41, 32079, 1, 3, 3
30260, 0, 1, 84, 40, 32097, 1, 3, 3
30275, 0, 0, 89, 45, 32114, 1, 3, 3
30290, 0, 0, 89, 42, 32130, 1, 3, 3
30311, 0, 1, 89, 44, 32147, 1, 3, 3
30321, 0, 0, 92, 46, 32164, 1, 3, 3
30342, 0, 0, 104, 42, 32181, 1, 3, 3
30357, 0, 1, 106, 44, 32198, 1, 3, 3
30372, 0, 1, 107, 44, 32216, 1, 3, 3
30394, 0, 2, 112, 41, 32230, 1, 3, 3
30409, 0, 2, 117, 45, 32249, 1, 3, 3
30425, 0, 1, 124, 44, 32264, 1, 3, 3
30440, 0, 1, 125, 46, 32281, 1, 3, 3
30450, 0, 1, 132, 45, 32297, 1, 3, 3
30472, 0, 3, 138, 45, 32314, 1, 3, 3
30492, 0, 2, 143, 44, 32332, 1, 3, 3
30513, 0, 1, 149, 45, 32348, 1, 3, 3
30523, 0, 2, 153, 45, 32364, 1, 3, 3
30539, 0, 0, 160, 42, 32381, 1, 3, 3
30555, 0, 1, 162, 43, 32397, 1, 3, 3
30570, 0, 0, 169, 43, 32413, 1, 3, 3
30590, 0, 1, 174, 44, 32431, 1, 3, 3
30606, 0, 1, 175, 43, 32448, 1, 3, 3
30627, 0, 2, 182, 45, 32464, 1, 3, 3
30643, 0, 1, 187, 44, 32480, 1, 3, 3
30658, 0, 1, 187, 45, 32497, 1, 3, 3
30673, 0, 2, 188, 43, 32515, 1, 3, 3
30690, 0, 2, 193, 47, 32530, 1, 3, 3
30705, 0, 2, 193, 45, 32546, 1, 3, 3
30726, 0, 0, 198, 45, 32566, 1, 3, 3
30741, 0, 1, 197, 43, 32581, 1, 3, 3
30756, 0, 2, 200, 40, 32598, 1, 3, 3
30773, 0, 2, 197, 45, 32614, 1, 3, 3
30793, 0, 1, 203, 45, 32631, 1, 3, 3
30798, 0, 2, 205, 45, 32649, 1, 3, 3
30824, 0, 2, 200, 45, 32666, 1, 3, 3
30840, 0, 0, 197, 45, 32683, 1, 3, 3
30845, 0, 2, 195, 46, 32697, 1, 3, 3
30876, 0, 0, 184, 44, 32714, 1, 3, 3
30892, 0, 0, 179, 44, 32731, 1, 3, 3
30912, 0, 0, 165, 45, 32748, 1, 3, 3
30923, 0, 0, 153, 45, 32764, 1, 3, 3
30939, 0, 0, 139, 46, 32780, 1, 3, 3
30959, 0, 0, 115, 42, 32798, 1, 3, 3
30964, 0, 0, 110, 42, 32815, 1, 3, 3
30995, 0, 0, 65, 44, 32832, 1, 3, 3
31005, 0, 0, 51, 44, 32847, 1, 3, 3
31027, 0, 0, 9, 45, 32864, 1, 3, 3
31037, 0, 1, 24, 45, 32881, 1, 3, 3
31057, 0, 0, 31, 45, 32899, 1, 3, 3
31078, 0, 0, 34, 46, 32914, 1, 3, 3
31088, 0, 0, 34, 47, 32931, 1, 3, 3
31109, 0, 0, 33, 45, 32948, 1, 3, 3
31119, 0, 0, 34, 46, 32965, 1, 3, 3
31139, 0, 0, 39, 43, 32980, 1, 3, 3
31155, 0, 0, 36, 46, 32997, 1, 3, 3
31175, 0, 0, 37, 47, 33018, 1, 3, 3
31196, 0, 0, 40, 44, 33036, 1, 3, 3
31216, 0, 1, 36, 46, 33051, 1, 3, 3
31233, 0, 0, 41, 45, 33070, 1, 3, 3
31248, 0, 0, 41, 46, 33088, 1, 3, 3
31263, 0, 1, 39, 47, 33105, 1, 3, 3
31279, 0, 0, 43, 48, 33120, 1, 3, 3
31299, 0, 0, 37, 46, 33140, 1, 3, 3
31320, 0, 0, 39, 46, 33154, 1, 3, 3
31335, 0, 0, 40, 47, 33173, 1, 3, 3
31350, 0, 0, 37, 47, 33188, 1, 3, 3
31366, 0, 0, 40, 44, 33204, 1, 3, 3
31381, 0, 0, 42, 46, 33222, 1, 3, 3
31396, 0, 1, 42, 46, 33239, 1, 3, 3
31417, 0, 0, 40, 45, 33254, 1, 3, 3
31432, 0, 0, 38, 44, 33272, 1, 3, 3
31448, 0, 0, 41, 46, 33289, 1, 3, 3
31469, 0, 0, 41, 44, 33305, 1, 3, 3
31479, 0, 1, 43, 43, 33321, 1, 3, 3
31500, 0, 0, 38, 44, 33338, 1, 3, 3
31515, 0, 0, 41, 41, 33355, 1, 3, 3
31520, 0, 3, 43, 42, 33375, 1, 3, 3
31546, 0, 1, 42, 42, 33387, 1, 3, 3
31587, 0, 2, 41, 40, 33440, 1, 3, 3
31618, 0, 1, 43, 39, 33457, 1, 3, 3
31638, 0, 0, 41, 40, 33474, 1, 4, 3
31653, 0, 0, 41, 42, 33491, 1, 4, 3
31669, 0, 0, 40, 44, 33508, 1, 4, 3
31689, 0, 0, 41, 43, 33526, 1, 4, 3
31699, 0, 0, 41, 42, 33541, 1, 4, 3
31721, 0, 1, 45, 42, 33557, 1, 4, 3
31731, 0, 0, 43, 42, 33576, 1, 4, 3
31752, 0, 2, 43, 41, 33590, 1, 4, 3
31772, 0, 0, 43, 44, 33609, 1, 4, 3
31782, 0, 0, 44, 42, 33623, 1, 4, 3
31798, 0, 0, 45, 43, 33640, 1, 4, 3
31818, 0, 1, 47, 43, 33657, 1, 4, 3
31828, 0, 0, 43, 41, 33674, 1, 4, 3
31849, 0, 0, 42, 44, 33690, 1, 4, 3
31869, 0, 0, 45, 44, 33710, 1, 4, 3
31885, 0, 0, 42, 40, 33724, 1, 4, 3
31900, 0, 0, 40, 41, 33742, 1, 4, 3
31916, 0, 0, 39, 43, 33757, 1, 4, 3
31936, 0, 0, 38, 45, 33774, 1, 4, 3
31952, 0, 0, 42, 42, 33791, 1, 4, 3
31968, 0, 0, 41, 38, 33808, 1, 4, 3
31983, 0, 0, 43, 46, 33824, 1, 4, 3
31998, 0, 1, 42, 63, 33842, 1, 4, 3
32019, 0, 1, 45, 72, 33857, 1, 4, 3
32034, 0, 1, 43, 92, 33874, 1, 4, 3
32050, 0, 2, 44, 103, 33890, 1, 4, 3
32065, 0, 0, 45, 116, 33907, 1, 4, 3
32086, 0, 0, 42, 177, 33926, 1, 4, 3
32102, 0, 0, 30, 209, 33940, 1, 4, 3
32117, 0, 0, 20, 285, 33959, 1, 4, 3
32138, 0, 0, 0, 379, 33974, 1, 4, 3
32153, 0, 0, 0, 436, 33990, 1, 4, 3
32168, 0, 0, 0, 486, 34009, 1, 4, 3
32184, 0, 0, 0, 541, 34023, 1, 4, 3
32199, 0, 0, 0, 558, 34041, 1, 4, 3
32220, 0, 0, 0, 582, 34061, 1, 4, 3
32230, 0, 0, 0, 598, 34075, 1, 4, 3
32250, 0, 0, 0, 616, 34090, 1, 4, 3
32271, 0, 0, 0, 619, 34108, 1, 4, 3
32282, 0, 0, 0, 619, 34124, 1, 4, 3
32297, 0, 0, 0, 625, 34141, 1, 4, 3
32318, 0, 0, 0, 629, 34157, 1, 4, 3
32338, 0, 0, 0, 632, 34174, 1, 4, 3
32354, 0, 0, 0, 639, 34190, 1, 4, 3
32369, 0, 0, 0, 652, 34207, 1, 4, 3
32385, 0, 0, 0, 670, 34225, 1, 4, 3
32400, 0, 0, 0, 678, 34240, 1, 4, 3
32415, 0, 0, 0, 687, 34258, 1, 4, 3
32436, 0, 0, 0, 696, 34276, 1, 4, 3
32451, 0, 0, 0, 702, 34290, 1, 4, 3
32466, 0, 0, 0, 698, 34308, 1, 4, 3
32488, 0, 0, 0, 704, 34326, 1, 4, 3
32498, 0, 0, 0, 707, 34340, 1, 4, 3
32519, 0, 0, 0, 716, 34359, 1, 4, 3
32539, 0, 0, 0, 724, 34375, 1, 4, 3
32555, 0, 0, 0, 730, 34390, 1, 4, 3
32570, 0, 0, 0, 734, 34408, 1, 4, 3
32585, 0, 0, 0, 738, 34436, 1, 4, 3
32585, 0, 0, 0, 738, 34443, 1, 4, 3
32621, 0, 0, 0, 727, 34461, 1, 4, 3
32636, 0, 0, 0, 733, 34476, 1, 4, 3
32652, 0, 0, 0, 735, 34493, 1, 4, 3
32672, 0, 0, 0, 738, 34511, 1, 4, 3
32688, 0, 0, 0, 738, 34526, 1, 4, 3
32704, 0, 0, 0, 739, 34548, 1, 4, 3
32719, 0, 0, 0, 739, 34560, 1, 4, 3
32740, 0, 0, 0, 739, 34576, 1, 4, 3
32755, 0, 0, 0, 738, 34593, 1, 4, 3
32771, 0, 0, 0, 738, 34609, 1, 4, 3
32786, 0, 0, 0, 740, 34627, 1, 4, 3
32801, 0, 0, 0, 738, 34642, 1, 4, 3
32817, 0, 0, 0, 736, 34659, 1, 4, 3
32837, 0, 0, 0, 729, 34679, 1, 4, 3
32852, 0, 0, 0, 728, 34693, 1, 4, 3
32873, 0, 0, 0, 721, 34711, 1, 4, 3
32883, 0, 0, 0, 722, 34726, 1, 4, 3
32900, 0, 0, 0, 721, 34742, 1, 4, 3
32920, 0, 0, 0, 720, 34761, 1, 4, 3
32941, 0, 1, 0, 702, 34779, 1, 4, 3
32956, 0, 0, 0, 674, 34793, 1, 4, 3
32971, 0, 0, 0, 641, 34810, 1, 4, 3
32987, 0, 0, 0, 592, 34827, 1, 4, 3
33002, 0, 0, 0, 539, 34844, 1, 4, 3
33017, 0, 0, 0, 415, 34859, 1, 4, 3
33038, 0, 0, 28, 191, 34876, 1, 4, 3
33053, 0, 0, 39, 62, 34893, 1, 4, 3
33075, 0, 1, 40, 44, 34910, 1, 4, 3
33080, 0, 0, 38, 44, 34927, 1, 4, 3
33100, 0, 0, 42, 46, 34943, 1, 4, 3
33121, 0, 0, 42, 47, 34959, 1, 4, 3
33136, 0, 0, 45, 41, 34975, 1, 4, 3
33157, 0, 0, 46, 41, 34996, 1, 4, 3
33172, 0, 1, 48, 45, 35009, 1, 4, 3
33187, 0, 0, 45, 41, 35026, 1, 4, 3
33203, 0, 0, 48, 45, 35043, 1, 4, 3
33218, 0, 0, 46, 45, 35059, 1, 4, 3
33239, 0, 0, 50, 47, 35078, 1, 4, 3
33254, 0, 1, 48, 45, 35093, 1, 4, 3
33274, 0, 1, 50, 46, 35111, 1, 4, 3
33285, 0, 1, 51, 44, 35126, 1, 4, 3
33300, 0, 0, 50, 43, 35143, 1, 4, 3
33316, 0, 1, 49, 50, 35159, 1, 4, 3
33337, 0, 2, 51, 44, 35175, 1, 4, 3
33357, 0, 1, 53, 53, 35193, 1, 4, 3
33368, 0, 2, 52, 49, 35209, 1, 4, 3
33388, 0, 1, 52, 55, 35226, 1, 4, 3
33398, 0, 0, 52, 45, 35245, 1, 4, 3
33419, 0, 0, 52, 52, 35259, 1, 4, 3
33439, 0, 1, 52, 46, 35275, 1, 4, 3
33455, 0, 0, 50, 48, 35298, 1, 4, 3
33470, 0, 2, 52, 57, 35313, 1, 4, 3
33485, 0, 1, 52, 49, 35329, 1, 4, 3
33506, 0, 1, 51, 53, 35349, 1, 4, 3
33521, 0, 1, 52, 49, 35362, 1, 4, 3
33538, 0, 1, 51, 48, 35379, 1, 4, 3
33558, 0, 1, 51, 51, 35395, 1, 4, 3
33573, 0, 1, 51, 52, 35412, 1, 4, 3
33589, 0, 0, 50, 54, 35429, 1, 4, 3
33604, 0, 0, 53, 54, 35447, 1, 4, 3
33619, 0, 0, 52, 54, 35463, 1, 4, 3
33640, 0, 1, 52, 49, 35481, 1, 4, 3
33655, 0, 0, 51, 53, 35495, 1, 4, 3
33671, 0, 1, 52, 52, 35513, 1, 4, 3
33691, 0, 1, 52, 53, 35534, 1, 4, 3
33701, 0, 1, 52, 55, 35545, 1, 4, 3
33722, 0, 1, 52, 54, 35563, 1, 4, 3
33737, 0, 0, 54, 53, 35579, 1, 4, 3
33747, 0, 2, 52, 54, 35601, 1, 4, 3
33769, 0, 0, 52, 55, 35612, 1, 4, 3
33784, 0, 1, 52, 54, 35629, 1, 4, 3
33805, 0, 1, 51, 55, 35646, 1, 4, 3
33820, 0, 1, 52, 52, 35661, 1, 4, 3
33836, 0, 1, 51, 49, 35684, 1, 4, 3
33856, 0, 1, 52, 51, 35697, 1, 4, 3
33871, 0, 1, 52, 51, 35711, 1, 4, 3
33887, 0, 1, 50, 50, 35732, 1, 4, 3
33902, 0, 1, 52, 49, 35745, 1, 4, 3
33923, 0, 1, 52, 52, 35763, 1, 4, 3
33938, 0, 0, 51, 52, 35782, 1, 4, 3
33953, 0, 1, 52, 51, 35794, 1, 4, 3
33974, 0, 2, 53, 53, 35813, 1, 4, 3
33989, 0, 1, 52, 53, 35835, 1, 4, 3
34004, 0, 2, 51, 55, 35846, 1, 4, 3
34021, 0, 1, 52, 53, 35862, 1, 4, 3
34041, 0, 2, 52, 52, 35878, 1, 4, 3
34057, 0, 1, 52, 55, 35898, 1, 4, 3
34072, 0, 1, 53, 52, 35912, 1, 4, 3
34087, 0, 0, 51, 54, 35930, 1, 4, 3
34128, 0, 2, 52, 53, 35974, 1, 4, 3
34149, 0, 1, 52, 56, 35996, 1, 4, 3
34164, 0, 2, 53, 57, 36008, 1, 4, 3
34185, 0, 2, 52, 57, 36024, 1, 4, 3
34195, 0, 1, 52, 57, 36042, 1, 4, 3
34221, 0, 1, 53, 54, 36060, 1, 4, 3
34231, 0, 0, 53, 54, 36077, 1, 4, 3
34241, 0, 1, 53, 54, 36095, 1, 4, 3
34251, 0, 1, 52, 54, 36124, 1, 4, 3
34324, 0, 1, 53, 53, 36182, 1, 4, 3
34365, 0, 1, 53, 55, 36200, 1, 4, 3
34406, 0, 2, 56, 53, 36249, 1, 4, 3
34452, 0, 0, 53, 52, 36292, 1, 4, 3
34467, 0, 1, 54, 56, 36312, 1, 4, 3
34483, 0, 1, 53, 54, 36327, 1, 4, 3
34503, 0, 2, 53, 55, 36343, 1, 4, 3
34514, 0, 0, 55, 55, 36361, 1, 4, 3
34540, 0, 1, 53, 53, 36377, 1, 4, 3
34555, 0, 1, 51, 56, 36393, 1, 4, 3
34566, 0, 2, 52, 54, 36410, 1, 4, 3
34586, 0, 1, 54, 52, 36426, 1, 4, 3
34601, 0, 1, 54, 52, 36443, 1, 4, 3
34622, 0, 1, 54, 50, 36462, 1, 4, 3
34637, 0, 3, 53, 52, 36477, 1, 4, 3
34653, 0, 0, 52, 49, 36492, 1, 4, 3
34663, 0, 0, 56, 51, 36527, 1, 4, 3
34694, 0, 2, 52, 49
, 36532, 1, 4, 3
34704, 0, 0, 54, 50, 36549, 1, 4, 3
34724, 0, 2, 53, 48, 36566, 1, 4, 3
34741, 0, 0, 53, 49, 36583, 1, 4, 3
34761, 0, 1, 53, 49, 36599, 1, 4, 3
34771, 0, 0, 53, 48, 36618, 1, 4, 3
34792, 0, 1, 53, 48, 36633, 1, 4, 3
34802, 0, 1, 54, 49, 36649, 1, 4, 3
34823, 0, 1, 53, 51, 36665, 1, 4, 3
34838, 0, 2, 53, 52, 36684, 1, 4, 3
34859, 0, 1, 53, 50, 36699, 1, 4, 3
34874, 0, 0, 52, 50, 36717, 1, 4, 3
34894, 0, 0, 53, 50, 36734, 1, 4, 3
34910, 0, 0, 53, 51, 36750, 1, 4, 3
34925, 0, 2, 52, 49, 36766, 1, 4, 3
34940, 0, 1, 53, 53, 36782, 1, 4, 3
34956, 0, 2, 53, 53, 36801, 1, 4, 3
34977, 0, 0, 53, 52, 36818, 1, 4, 3
34988, 0, 0, 53, 53, 36833, 1, 4, 3
35008, 0, 2, 52, 53, 36851, 1, 4, 3
35023, 0, 1, 54, 53, 36867, 1, 4, 3
35044, 0, 0, 53, 53, 36883, 1, 4, 3
35059, 0, 1, 53, 53, 36899, 1, 4, 3
35069, 0, 0, 52, 54, 36917, 1, 4, 3
35090, 0, 0, 53, 55, 36933, 1, 4, 3
35105, 0, 1, 53, 58, 36949, 1, 4, 3
35126, 0, 1, 55, 57, 36970, 1, 4, 3
35141, 0, 1, 53, 58, 36983, 1, 4, 3
35162, 0, 1, 53, 56, 37000, 1, 4, 3
35177, 0, 1, 53, 58, 37017, 1, 4, 3
35192, 0, 0, 53, 57, 37033, 1, 4, 3
35208, 0, 0, 52, 57, 37050, 1, 4, 3
35224, 0, 1, 51, 59, 37066, 1, 4, 3
35239, 0, 1, 53, 59, 37121, 1, 4, 3
35280, 0, 1, 53, 58, 37278, 1, 4, 3
35454, 0, 1, 52, 55, 37296, 1, 4, 3
35471, 0, 1, 53, 58, 37313, 1, 4, 3
35486, 0, 1, 50, 57, 37328, 1, 4, 3
35507, 0, 0, 52, 58, 37351, 1, 4, 3
35527, 0, 2, 53, 57, 37369, 1, 4, 3
35537, 0, 0, 53, 59, 37384, 1, 4, 3
35563, 0, 0, 54, 56, 37402, 1, 4, 3
35573, 0, 0, 51, 57, 37417, 1, 4, 3
35594, 0, 0, 53, 57, 37435, 1, 4, 3
35609, 0, 1, 53, 59, 37452, 1, 4, 3
35630, 0, 1, 54, 60, 37467, 1, 4, 3
35645, 0, 0, 54, 58, 37485, 1, 4, 3
35660, 0, 0, 53, 58, 37502, 1, 4, 3
35676, 0, 0, 51, 57, 37519, 1, 4, 3
35691, 0, 1, 52, 55, 37535, 1, 4, 3
35707, 0, 2, 52, 57, 37551, 1, 4, 3
35728, 0, 1, 53, 58, 37568, 1, 4, 3
35748, 0, 0, 52, 57, 37586, 1, 4, 3
35764, 0, 2, 54, 58, 37602, 1, 4, 3
35779, 0, 0, 51, 58, 37617, 1, 4, 3
35794, 0, 1, 51, 55, 37634, 1, 4, 3
35810, 0, 1, 52, 57, 37651, 1, 4, 3
35825, 0, 1, 54, 57, 37667, 1, 4, 3
35841, 0, 1, 53, 59, 37691, 1, 4, 3
35861, 0, 0, 53, 59, 37701, 1, 4, 3
35866, 0, 1, 56, 58, 37720, 1, 4, 3
35892, 0, 1, 52, 58, 37736, 1, 4, 3
35912, 0, 1, 52, 56, 37753, 1, 4, 3
35928, 0, 0, 52, 60, 37768, 1, 4, 3
35943, 0, 0, 51, 61, 37785, 1, 4, 3
35964, 0, 0, 51, 58, 37803, 1, 4, 3
35980, 0, 1, 52, 61, 37819, 1, 4, 3
35990, 0, 1, 51, 63, 37834, 1, 4, 3
36011, 0, 0, 52, 63, 37851, 1, 4, 3
36031, 0, 2, 53, 62, 37869, 1, 4, 3
36046, 0, 0, 53, 62, 37885, 1, 4, 3
36062, 0, 1, 53, 62, 37904, 1, 4, 3
36077, 0, 0, 53, 62, 37917, 1, 4, 3
36092, 0, 0, 51, 64, 37935, 1, 4, 3
36108, 0, 1, 53, 62, 37951, 1, 4, 3
36128, 0, 1, 53, 62, 37967, 1, 4, 3
36144, 0, 2, 54, 61, 37984, 1, 4, 3
36159, 0, 0, 53, 61, 38002, 1, 4, 3
36174, 0, 0, 50, 66, 38018, 1, 4, 3
36190, 0, 1, 54, 62, 38034, 1, 4, 3
36211, 0, 2, 53, 59, 38051, 1, 4, 3
36227, 0, 0, 54, 61, 38067, 1, 4, 3
36242, 0, 2, 55, 59, 38084, 1, 4, 3
36262, 0, 1, 54, 61, 38103, 1, 4, 3
36278, 0, 0, 53, 60, 38119, 1, 4, 3
36288, 0, 1, 53, 62, 38134, 1, 4, 3
36308, 0, 0, 53, 61, 38152, 1, 4, 3
36329, 0, 1, 52, 62, 38169, 1, 4, 3
36344, 0, 1, 54, 63, 38187, 1, 4, 3
36360, 0, 0, 53, 65, 38201, 1, 4, 3
36375, 0, 1, 51, 66, 38217, 1, 4, 3
36390, 0, 0, 52, 62, 38235, 1, 4, 3
36411, 0, 1, 52, 65, 38251, 1, 4, 3
36426, 0, 2, 52, 61, 38268, 1, 4, 3
36436, 0, 3, 53, 64, 38286, 1, 4, 3
36458, 0, 1, 51, 63, 38302, 1, 4, 3
36478, 0, 1, 53, 64, 38320, 1, 4, 3
36489, 0, 1, 52, 60, 38335, 1, 4, 3
36504, 0, 2, 52, 60, 38353, 1, 4, 3
36530, 0, 0, 53, 62, 38368, 1, 4, 3
36540, 0, 0, 51, 62, 38386, 1, 4, 3
36560, 0, 1, 52, 62, 38403, 1, 4, 3
36576, 0, 2, 50, 60, 38418, 1, 4, 3
36591, 0, 1, 51, 60, 38434, 1, 4, 3
36612, 0, 0, 51, 61, 38453, 1, 4, 3
36627, 0, 0, 52, 60, 38467, 1, 4, 3
36642, 0, 0, 53, 60, 38486, 1, 4, 3
36653, 0, 1, 52, 62, 38501, 1, 4, 3
36673, 0, 0, 51, 64, 38518, 1, 4, 3
36689, 0, 1, 52, 62, 38534, 1, 4, 3
36710, 0, 1, 51, 62, 38551, 1, 4, 3
36730, 0, 0, 51, 60, 38569, 1, 4, 3
36741, 0, 1, 53, 61, 38586, 1, 4, 3
36761, 0, 1, 54, 60, 38602, 1, 4, 3
36776, 0, 0, 52, 62, 38619, 1, 4, 3
36792, 0, 1, 52, 59, 38634, 1, 4, 3
36802, 0, 1, 51, 61, 38656, 1, 4, 3
36823, 0, 4, 53, 65, 38667, 1, 4, 3
36843, 0, 3, 51, 58, 38687, 1, 4, 3
36858, 0, 0, 52, 60, 38701, 1, 4, 3
36874, 0, 0, 52, 63, 38718, 1, 4, 3
36894, 0, 0, 50, 62, 38736, 1, 4, 3
36910, 0, 1, 52, 61, 38751, 1, 4, 3
36931, 0, 2, 50, 62, 38770, 1, 4, 3
36941, 0, 1, 52, 61, 38785, 1, 4, 3
36962, 0, 1, 53, 64, 38803, 1, 4, 3
36977, 0, 1, 50, 61, 38818, 1, 4, 3
36993, 0, 1, 51, 61, 38836, 1, 4, 3
37008, 0, 1, 52, 61, 38850, 1, 4, 3
37028, 0, 1, 53, 64, 38868, 1, 4, 3
37044, 0, 2, 54, 61, 38885, 1, 4, 3
37059, 0, 1, 53, 60, 38902, 1, 4, 3
37074, 0, 0, 54, 62, 38919, 1, 4, 3
37095, 0, 0, 55, 61, 38935, 1, 4, 3
37105, 0, 1, 53, 61, 38951, 1, 4, 3
37121, 0, 1, 52, 62, 38968, 1, 4, 3
37141, 0, 1, 53, 61, 38984, 1, 4, 3
37156, 0, 1, 52, 63, 39001, 1, 4, 3
37172, 0, 1, 52, 59, 39018, 1, 4, 3
37193, 0, 2, 51, 59, 39034, 1, 4, 3
37209, 0, 1, 52, 60, 39051, 1, 4, 3
37224, 0, 1, 50, 63, 39067, 1, 4, 3
37244, 0, 0, 54, 65, 39084, 1, 4, 3
37260, 0, 1, 52, 65, 39102, 1, 4, 3
37275, 0, 0, 53, 65, 39118, 1, 4, 3
37291, 0, 1, 51, 64, 39134, 1, 4, 3
37306, 0, 1, 53, 67, 39151, 1, 4, 3
37331, 0, 1, 51, 67, 39170, 1, 4, 3
37342, 0, 0, 53, 71, 39185, 1, 4, 3
37357, 0, 1, 52, 69, 39201, 1, 4, 3
37378, 0, 2, 51, 68, 39221, 1, 4, 3
37393, 0, 1, 50, 67, 39237, 1, 4, 3
37403, 0, 2, 50, 64, 39252, 1, 4, 3
37425, 0, 2, 51, 64, 39269, 1, 4, 3
37440, 0, 1, 51, 67, 39285, 1, 4, 3
37455, 0, 0, 52, 64, 39302, 1, 4, 3
37476, 0, 3, 52, 63, 39319, 1, 4, 3
37496, 0, 2, 52, 65, 39335, 1, 4, 3
37507, 0, 1, 52, 64, 39352, 1, 4, 3
37527, 0, 1, 54, 65, 39369, 1, 4, 3
37542, 0, 0, 52, 62, 39384, 1, 4, 3
37558, 0, 1, 53, 66, 39403, 1, 4, 3
37573, 0, 1, 53, 64, 39419, 1, 4, 3
37594, 0, 1, 52, 67, 39435, 1, 4, 3
37604, 0, 1, 51, 65, 39451, 1, 4, 3
37624, 0, 3, 53, 66, 39468, 1, 4, 3
37640, 0, 1, 51, 68, 39485, 1, 4, 3
38051, 0, 1, 51, 62, 39894, 2, 4, 3
38067, 0, 0, 51, 63, 39910, 2, 4, 3
38087, 0, 1, 51, 62, 39932, 2, 4, 3
38118, 0, 1, 53, 63, 39962, 2, 4, 3
38138, 0, 1, 53, 64, 39992, 2, 4, 3
38159, 0, 1, 52, 61, 40014, 2, 4, 3
38185, 0, 3, 52, 59, 40028, 2, 4, 3
38201, 0, 1, 52, 61, 40045, 2, 4, 3
38221, 0, 2, 53, 63, 40063, 2, 4, 3
38247, 0, 1, 53, 61, 40087, 2, 4, 3
38257, 0, 1, 53, 62, 40100, 2, 4, 3
38278, 0, 1, 53, 64, 40119, 2, 4, 3
38288, 0, 1, 52, 65, 40131, 2, 4, 3
38303, 0, 1, 51, 64, 40148, 2, 4, 3
38319, 0, 1, 52, 64, 40164, 2, 4, 3
38339, 0, 2, 52, 64, 40183, 2, 4, 3
38360, 0, 1, 54, 65, 40202, 2, 4, 3
38375, 0, 0, 52, 61, 40215, 2, 4, 3
38395, 0, 1, 52, 62, 40236, 2, 4, 3
38407, 0, 1, 52, 61, 40248, 2, 4, 3
38422, 0, 0, 51, 61, 40265, 2, 4, 3
38437, 0, 2, 52, 62, 40280, 2, 4, 3
38458, 0, 1, 52, 65, 40297, 2, 4, 3
38473, 0, 0, 51, 64, 40318, 2, 4, 3
38489, 0, 1, 52, 65, 40331, 2, 4, 3
38504, 0, 1, 51, 65, 40347, 2, 4, 3
38519, 0, 1, 52, 65, 40370, 2, 4, 3
38540, 0, 1, 53, 63, 40380, 2, 4, 3
38560, 0, 0, 50, 65, 40402, 2, 4, 3
38576, 0, 1, 51, 63, 40418, 2, 4, 3
38596, 0, 1, 52, 66, 40436, 2, 4, 3
38606, 0, 1, 51, 66, 40451, 2, 4, 3
38622, 0, 0, 53, 63, 40468, 2, 4, 3
38637, 0, 0, 51, 65, 40484, 2, 4, 3
38659, 0, 1, 51, 66, 40501, 2, 4, 3
38674, 0, 0, 52, 65, 40518, 2, 4, 3
38694, 0, 1, 52, 64, 40536, 2, 4, 3
38710, 0, 1, 51, 64, 40553, 2, 4, 3
38720, 0, 1, 51, 66, 40568, 2, 4, 3
38740, 0, 3, 53, 67, 40585, 2, 4, 3
38761, 0, 2, 52, 66, 40601, 2, 4, 3
38776, 0, 1, 52, 65, 40619, 2, 4, 3
38792, 0, 0, 52, 65, 40635, 2, 4, 3
38807, 0, 1, 52, 66, 40652, 2, 4, 3
38817, 0, 1, 52, 66, 40668, 2, 4, 3
38838, 0, 1, 52, 67, 40686, 2, 4, 3
38868, 0, 0, 53, 63, 40722, 2, 4, 3
38889, 0, 1, 51, 64, 40743, 2, 4, 3
38916, 0, 1, 53, 62, 40758, 2, 4, 3
38931, 0, 1, 53, 64, 40774, 2, 4, 3
38946, 0, 1, 53, 66, 40790, 2, 4, 3
38962, 0, 1, 54, 68, 40807, 2, 4, 3
38982, 0, 1, 53, 66, 40822, 2, 4, 3
38998, 0, 1, 53, 67, 40839, 2, 4, 3
39013, 0, 1, 53, 65