Button,Voltage,Stiffness
1,0,
1,1,4.2652025
1,2,
1,3,
1,4,
1,5,
1,6,
1,7,
1,8,
1,9,
1,10,
1,11,
1,12,
1,13,
1,14,
1,15,
1,16,
1,17,
1,18,
1,19,
1,20,
1,21,
1,22,
1,23,
1,24,
1,25,
1,26,
1,27,
1,28,
1,29,
1,30,
1,31,
1,32,
1,33,
1,34,
1,35,
1,36,
1,37,
1,38,
1,39,
1,40,
1,41,
1,42,
1,43,
1,44,
1,45,
1,46,
1,47,
1,48,
1,49,
1,50,
1,51,
1,52,
1,53,
1,54,
1,55,
1,56,
1,57,
1,58,
1,59,
1,60,
1,61,
1,62,
1,63,
1,64,
1,65,
1,66,
1,67,
1,68,
1,69,
1,70,
1,71,
1,72,
1,73,
1,74,
1,75,
1,76,
1,77,
1,78,
1,79,
1,80,
1,81,
1,82,
1,83,
1,84,
1,85,
1,86,
1,87,
1,88,
1,89,
1,90,
1,91,
1,92,
1,93,
1,94,
1,95,
1,96,
1,97,
1,98,
1,99,
1,100,
1,101,
1,102,
1,103,
1,104,
1,105,
1,106,
1,107,
1,108,
1,109,
1,110,
1,111,
1,112,
1,113,
1,114,
1,115,
1,116,
1,117,
1,118,
1,119,
1,120,
1,121,
1,122,
1,123,
1,124,
1,125,
1,126,
1,127,
1,128,
1,129,
1,130,
1,131,
1,132,
1,133,
1,134,
1,135,
1,136,
1,137,
1,138,
1,139,
1,140,
1,141,
1,142,
1,143,
1,144,
1,145,
1,146,
1,147,
1,148,
1,149,
1,150,
1,151,
1,152,
1,153,
1,154,
1,155,
1,156,
1,157,
1,158,
1,159,
1,160,
1,161,
1,162,
1,163,
1,164,
1,165,
1,166,
1,167,
1,168,
1,169,
1,170,
1,171,
1,172,
1,173,
1,174,
1,175,
1,176,
1,177,
1,178,
1,179,
1,180,
1,181,
1,182,
1,183,
1,184,
1,185,
1,186,
1,187,
1,188,
1,189,
1,190,
1,191,
1,192,
1,193,
1,194,
1,195,
1,196,
1,197,
1,198,
1,199,
1,200,
1,201,
1,202,
1,203,
1,204,
1,205,
1,206,
1,207,
1,208,
1,209,
1,210,
1,211,
1,212,
1,213,
1,214,
1,215,
1,216,
1,217,
1,218,
1,219,
1,220,
1,221,
1,222,
1,223,
1,224,
1,225,
1,226,
1,227,
1,228,
1,229,
1,230,
1,231,
1,232,
1,233,
1,234,
1,235,
1,236,
1,237,
1,238,
1,239,
1,240,
1,241,
1,242,
1,243,
1,244,
1,245,
1,246,
1,247,
1,248,
1,249,
1,250,
1,251,
1,252,
1,253,
1,254,
1,255,
1,256,
1,257,
1,258,
1,259,
1,260,
1,261,
1,262,
1,263,
1,264,
1,265,
1,266,
1,267,
1,268,
1,269,
1,270,
1,271,
1,272,
1,273,
1,274,
1,275,
1,276,
1,277,
1,278,
1,279,
1,280,
1,281,
1,282,
1,283,
1,284,
1,285,
1,286,
1,287,
1,288,
1,289,
1,290,
1,291,
1,292,
1,293,
1,294,
1,295,
1,296,
1,297,
1,298,
1,299,
1,300,
1,301,
1,302,
1,303,
1,304,
1,305,
1,306,
1,307,
1,308,
1,309,
1,310,
1,311,
1,312,
1,313,
1,314,
1,315,
1,316,
1,317,
1,318,
1,319,
1,320,
1,321,
1,322,
1,323,
1,324,
1,325,
1,326,
1,327,
1,328,
1,329,
1,330,
1,331,
1,332,
1,333,
1,334,
1,335,
1,336,
1,337,
1,338,
1,339,
1,340,
1,341,
1,342,
1,343,
1,344,
1,345,
1,346,
1,347,
1,348,
1,349,
1,350,
1,351,
1,352,
1,353,
1,354,
1,355,
1,356,
1,357,
1,358,
1,359,
1,360,
1,361,
1,362,
1,363,
1,364,
1,365,
1,366,
1,367,
1,368,
1,369,
1,370,
1,371,
1,372,
1,373,
1,374,
1,375,
1,376,
1,377,
1,378,
1,379,
1,380,
1,381,
1,382,
1,383,
1,384,
1,385,
1,386,
1,387,
1,388,
1,389,
1,390,
1,391,
1,392,
1,393,
1,394,
1,395,
1,396,
1,397,
1,398,
1,399,
1,400,
1,401,
1,402,
1,403,
1,404,
1,405,
1,406,
1,407,
1,408,
1,409,
1,410,
1,411,
1,412,
1,413,
1,414,
1,415,
1,416,
1,417,
1,418,
1,419,
1,420,
1,421,
1,422,
1,423,
1,424,
1,425,
1,426,
1,427,
1,428,
1,429,
1,430,
1,431,
1,432,
1,433,
1,434,
1,435,
1,436,
1,437,
1,438,
1,439,
1,440,
1,441,
1,442,
1,443,
1,444,
1,445,
1,446,
1,447,
1,448,
1,449,
1,450,
1,451,
1,452,
1,453,
1,454,
1,455,
1,456,
1,457,
1,458,
1,459,
1,460,
1,461,
1,462,
1,463,
1,464,
1,465,
1,466,
1,467,
1,468,
1,469,
1,470,
1,471,
1,472,
1,473,
1,474,
1,475,
1,476,
1,477,
1,478,
1,479,
1,480,
1,481,
1,482,
1,483,
1,484,
1,485,
1,486,
1,487,
1,488,
1,489,
1,490,
1,491,
1,492,
1,493,
1,494,
1,495,
1,496,
1,497,
1,498,
1,499,
1,500,
1,501,
1,502,
1,503,
1,504,
1,505,
1,506,
1,507,
1,508,
1,509,
1,510,
1,511,
1,512,
1,513,
1,514,
1,515,
1,516,
1,517,
1,518,
1,519,
1,520,
1,521,
1,522,
1,523,
1,524,
1,525,
1,526,
1,527,
1,528,
1,529,
1,530,
1,531,
1,532,
1,533,
1,534,
1,535,
1,536,
1,537,
1,538,
1,539,
1,540,
1,541,
1,542,
1,543,
1,544,
1,545,
1,546,
1,547,
1,548,
1,549,
1,550,
1,551,
1,552,
1,553,
1,554,
1,555,
1,556,
1,557,
1,558,
1,559,
1,560,
1,561,
1,562,
1,563,
1,564,
1,565,
1,566,
1,567,
1,568,
1,569,
1,570,
1,571,
1,572,
1,573,
1,574,
1,575,
1,576,
1,577,
1,578,
1,579,
1,580,
1,581,
1,582,
1,583,
1,584,
1,585,
1,586,
1,587,
1,588,
1,589,
1,590,
1,591,
1,592,
1,593,
1,594,
1,595,
1,596,
1,597,
1,598,
1,599,
1,600,
1,601,
1,602,
1,603,
1,604,
1,605,
1,606,
1,607,
1,608,
1,609,
1,610,
1,611,
1,612,
1,613,
1,614,
1,615,
1,616,
1,617,
1,618,
1,619,
1,620,
1,621,
1,622,
1,623,
1,624,
1,625,
1,626,
1,627,
1,628,
1,629,
1,630,
1,631,
1,632,
1,633,
1,634,
1,635,
1,636,
1,637,
1,638,
1,639,
1,640,
1,641,
1,642,
1,643,
1,644,
1,645,
1,646,
1,647,
1,648,
1,649,
1,650,
1,651,
1,652,
1,653,
1,654,
1,655,
1,656,
1,657,
1,658,
1,659,
1,660,
1,661,
1,662,
1,663,
1,664,
1,665,
1,666,
1,667,
1,668,
1,669,
1,670,
1,671,
1,672,
1,673,
1,674,
1,675,
1,676,
1,677,
1,678,
1,679,
1,680,
1,681,
1,682,
1,683,
1,684,
1,685,
1,686,
1,687,
1,688,
1,689,
1,690,
1,691,
1,692,
1,693,
1,694,
1,695,
1,696,
1,697,
1,698,
1,699,
1,700,
1,701,
1,702,
1,703,
1,704,
1,705,
1,706,
1,707,
1,708,
1,709,
1,710,
1,711,
1,712,
1,713,
1,714,
1,715,
1,716,
1,717,
1,718,
1,719,
1,720,
1,721,
1,722,
1,723,
1,724,
1,725,
1,726,
1,727,
1,728,
1,729,
1,730,
1,731,
1,732,
1,733,
1,734,
1,735,
1,736,
1,737,
1,738,
1,739,
1,740,
1,741,
1,742,
1,743,
1,744,6.882169
1,745,
1,746,
1,747,
1,748,4.7945204
1,749,
1,750,
1,751,
1,752,
1,753,
1,754,4.519774
1,755,
1,756,
1,757,
1,758,
1,759,
1,760,
1,761,
1,762,
1,763,
1,764,6.0364466
1,765,
1,766,
1,767,
1,768,4.5360823
1,769,4.454009
1,770,
1,771,
1,772,
1,773,
1,774,
1,775,
1,776,
1,777,
1,778,
1,779,
1,780,
1,781,
1,782,
1,783,4.464286
1,784,
1,785,
1,786,
1,787,
1,788,
1,789,
1,790,
1,791,3.2494757
1,792,
1,793,6.2217193
1,794,
1,795,
1,796,
1,797,3.9260972
1,798,4.3290043
1,799,4.219409
1,800,
1,801,
1,802,
1,803,
1,804,
1,805,
1,806,3.6259155
1,807,5.607476
1,808,4.1284404
1,809,2.8153152
1,810,
1,811,3.0601091
1,812,3.2686417
1,813,
1,814,
1,815,
1,816,
1,817,7.5733795
1,818,
1,819,2.1947875
1,820,5.068396
1,821,3.0189648
1,822,4.643573
1,823,6.08496
1,824,4.6884456
1,825,4.587156
1,826,3.6987758
1,827,
1,828,3.068406
1,829,
1,830,2.2074046
1,831,
1,832,3.3662515
1,833,4.1980705
1,834,7.098121
1,835,3.6823149
1,836,
1,837,3.551958
1,838,3.365514
1,839,
1,840,5.308131
1,841,1.9259259
1,842,6.2898088
1,843,6.4804473
1,844,3.1351352
1,845,4.9388237
1,846,4.4893208
1,847,6.084868
1,848,3.317924
1,849,2.8609185
1,850,3.8942237
1,851,3.8930607
1,852,3.2471852
1,853,4.9497237
1,854,12.293537
1,855,3.9141254
1,856,4.3989043
1,857,3.1072724
1,858,4.4614105
1,859,5.5330215
1,860,5.02368
1,861,4.29463
1,862,3.9215
1,863,3.2423139
1,864,6.332807
1,865,3.1681354
1,866,6.1303678
1,867,5.864316
1,868,3.132632
1,869,6.56278
1,870,3.0004745
1,871,4.168387
1,872,4.934088
1,873,8.909815
1,874,7.174122
1,875,4.9392657
1,876,3.3738792
1,877,4.8675094
1,878,4.0413322
1,879,5.4068246
1,880,4.673476
1,881,6.8546624
1,882,10.267195
1,883,4.5819864
1,884,4.3881164
1,885,4.344402
1,886,4.2910666
1,887,7.9482813
1,888,4.815666
1,889,5.7283373
1,890,4.3020663
1,891,5.471408
1,892,8.312861
1,893,4.5499125
1,894,8.488295
1,895,5.0967646
1,896,6.0500884
1,897,6.549593
1,898,6.0379286
1,899,8.260641
1,900,6.01711
1,901,5.3005857
1,902,6.666198
1,903,12.227127
1,904,10.80598
1,905,5.319824
1,906,6.2491817
1,907,6.3547363
1,908,5.5022492
1,909,5.237582
1,910,5.7702355
1,911,7.2654324
1,912,8.539496
1,913,7.713911
1,914,13.751516
1,915,7.5561433
1,916,7.465663
1,917,14.577297
1,918,6.915026
1,919,8.048649
1,920,9.407133
1,921,8.650178
1,922,9.7867
1,923,5.654408
1,924,10.230931
1,925,8.040095
1,926,9.49212
1,927,10.699124
1,928,10.173621
1,929,15.681094
1,930,12.371774
1,931,5.004672
1,932,7.0203156
1,933,6.322192
1,934,8.099199
1,935,3.1570334
1,936,11.454986
1,937,8.46851
1,938,9.698238
1,939,7.7867694
1,940,14.860567
1,941,6.9319243
1,942,9.295206
1,943,7.224134
1,944,7.749846
1,945,7.204243
1,946,6.377141
1,947,8.447837
1,948,15.69565
1,949,7.003272
1,950,11.0408945
1,951,9.984812
1,952,9.974857
1,953,7.19701
1,954,13.36239
1,955,10.681755
1,956,6.967496
1,957,10.718526
1,958,8.027189
1,959,12.712698
1,960,11.188708
1,961,8.550975
1,962,10.732979
1,963,5.5228705
1,964,14.504117
1,965,9.374546
1,966,10.7096615
1,967,11.158228
1,968,12.664954
1,969,11.17018
1,970,9.424273
1,971,11.841061
1,972,18.128292
1,973,15.556337
1,974,13.772173
1,975,16.71309
1,976,14.438059
1,977,10.035739
1,978,13.525157
1,979,14.407554
1,980,11.369369
1,981,12.280919
1,982,16.146734
1,983,12.51162
1,984,11.689171
1,985,11.148674
1,986,11.371442
1,987,11.716683
1,988,11.022237
1,989,11.795058
1,990,11.453474
1,991,14.745985
1,992,14.614335
1,993,8.982404
1,994,13.979507
1,995,17.292011
1,996,16.305027
1,997,16.351591
1,998,15.132449
1,999,14.447167
1,1000,10.686868
1,1001,15.526337
1,1002,18.18061
1,1003,15.146983
1,1004,14.119114
1,1005,17.685534
1,1006,14.491621
1,1007,13.817507
1,1008,15.706065
1,1009,20.615793
1,1010,16.280273
1,1011,22.116835
1,1012,21.45326
1,1013,22.27628
1,1014,21.210333
1,1015,21.335594
1,1016,23.203705
1,1017,22.783392
1,1018,25.042786
1,1019,31.833275
1,1020,29.549076
1,1021,32.740192
1,1022,32.368004
2,0,
2,1,
2,2,
2,3,
2,4,
2,5,
2,6,
2,7,
2,8,
2,9,4.195976
2,10,
2,11,9.339964
2,12,13.0060425
2,13,19.937943
2,14,4.195976
2,15,16.378475
2,16,17.148783
2,17,10.781776
2,18,17.717882
2,19,12.532515
2,20,10.779332
2,21,9.339964
2,22,7.750209
2,23,9.809626
2,24,8.719459
2,25,9.229091
2,26,11.269635
2,27,9.3213
2,28,9.641993
2,29,9.559154
2,30,9.563208
2,31,11.483688
2,32,10.30777
2,33,12.914734
2,34,9.007686
2,35,11.65201
2,36,11.3693075
2,37,12.3374
2,38,11.82197
2,39,13.025566
2,40,10.346073
2,41,14.653948
2,42,14.860825
2,43,12.465724
2,44,10.890438
2,45,12.627408
2,46,14.736135
2,47,9.597693
2,48,16.846561
2,49,12.361722
2,50,12.295191
2,51,9.538104
2,52,16.999357
2,53,14.003432
2,54,16.944992
2,55,13.806504
2,56,15.818156
2,57,16.50536
2,58,17.222221
2,59,16.759775
2,60,15.591858
2,61,9.509882
2,62,15.7513
2,63,17.031199
2,64,15.656019
2,65,14.867801
2,66,20.0
2,67,13.949736
2,68,14.532364
2,69,16.113249
2,70,20.657278
2,71,17.370472
2,72,17.696533
2,73,17.493418
2,74,14.310784
2,75,16.575464
2,76,17.736189
2,77,9.621993
2,78,16.26506
2,79,17.407507
2,80,21.293343
2,81,17.16129
2,82,20.852633
2,83,14.008811
2,84,21.551725
2,85,17.25225
2,86,19.12753
2,87,20.353535
2,88,11.180124
2,89,19.138756
2,90,
2,91,23.236515
2,92,23.303661
2,93,20.467987
2,94,18.121708
2,95,22.357723
2,96,17.424152
2,97,21.212122
2,98,19.75741
2,99,25.095055
2,100,22.023449
2,101,16.016123
2,102,22.92075
2,103,21.226257
2,104,19.523638
2,105,
2,106,22.324263
2,107,18.857014
2,108,20.853304
2,109,17.607475
2,110,21.752989
2,111,26.35379
2,112,18.1083
2,113,
2,114,21.43935
2,115,27.037037
2,116,26.167015
2,117,27.082111
2,118,27.027027
2,119,
2,120,20.16059
2,121,18.722448
2,122,
2,123,27.88524
2,124,18.13018
2,125,29.53952
2,126,21.42798
2,127,14.713896
2,128,27.8169
2,129,27.430557
2,130,25.80645
2,131,
2,132,25.869585
2,133,16.994946
2,134,24.792105
2,135,29.870953
2,136,22.33669
2,137,21.374668
2,138,24.189398
2,139,19.37046
2,140,30.201342
2,141,32.34421
2,142,27.39726
2,143,27.224718
2,144,29.909157
2,145,19.441841
2,146,24.168678
2,147,31.69231
2,148,24.520098
2,149,22.091467
2,150,
2,151,30.53237
2,152,
2,153,26.536163
2,154,34.188034
2,155,26.214428
2,156,15.789474
2,157,29.084967
2,158,30.79365
2,159,24.562246
2,160,26.771482
2,161,29.01788
2,162,33.534744
2,163,30.914066
2,164,
2,165,
2,166,21.621622
2,167,28.204397
2,168,23.241583
2,169,23.17038
2,170,
2,171,33.049007
2,172,32.920536
2,173,26.95533
2,174,25.560114
2,175,25.041607
2,176,30.301504
2,177,33.913044
2,178,17.105263
2,179,32.62195
2,180,
2,181,25.04607
2,182,35.465115
2,183,
2,184,
2,185,31.97492
2,186,
2,187,36.033516
2,188,33.52179
2,189,29.125912
2,190,35.09339
2,191,31.037487
2,192,23.395733
2,193,29.022945
2,194,37.97814
2,195,
2,196,27.474632
2,197,34.18675
2,198,32.92683
2,199,28.803974
2,200,30.208334
2,201,38.172043
2,202,37.609238
2,203,40.66496
2,204,23.406158
2,205,
2,206,36.513496
2,207,20.0
2,208,19.700748
2,209,
2,210,31.606285
2,211,35.489864
2,212,28.71122
2,213,37.42978
2,214,
2,215,
2,216,35.549133
2,217,20.689655
2,218,
2,219,39.697807
2,220,39.88311
2,221,29.046564
2,222,34.604107
2,223,37.08837
2,224,38.388382
2,225,31.410255
2,226,32.983192
2,227,
2,228,
2,229,29.988285
2,230,39.27577
2,231,37.691895
2,232,
2,233,32.557743
2,234,34.83346
2,235,31.65864
2,236,44.952515
2,237,31.73913
2,238,40.53578
2,239,37.5
2,240,33.561493
2,241,
2,242,39.467983
2,243,41.28686
2,244,
2,245,33.23077
2,246,42.46061
2,247,33.593563
2,248,24.12178
2,249,47.44186
2,250,30.996681
2,251,42.076504
2,252,42.78481
2,253,45.768803
2,254,37.56014
2,255,40.18817
2,256,34.033615
2,257,
2,258,38.586956
2,259,33.808556
2,260,
2,261,35.39823
2,262,25.118484
2,263,43.333336
2,264,
2,265,41.941055
2,266,45.098038
2,267,43.923447
2,268,33.532932
2,269,
2,270,35.00274
2,271,24.349882
2,272,37.559307
2,273,45.145042
2,274,
2,275,47.698936
2,276,43.054005
2,277,25.694445
2,278,38.344593
2,279,37.969543
2,280,
2,281,46.310432
2,282,47.6179
2,283,
2,284,49.199085
2,285,44.313225
2,286,39.037434
2,287,43.22252
2,288,
2,289,30.444445
2,290,
2,291,37.648087
2,292,48.11962
2,293,40.118473
2,294,36.19048
2,295,41.37975
2,296,42.893402
2,297,51.860462
2,298,45.334896
2,299,
2,300,43.674503
2,301,48.888885
2,302,49.88453
2,303,41.64318
2,304,
2,305,49.77387
2,306,44.01687
2,307,39.486748
2,308,42.96409
2,309,
2,310,
2,311,46.341465
2,312,55.80311
2,313,42.8093
2,314,
2,315,50.235847
2,316,
2,317,37.35632
2,318,51.435406
2,319,
2,320,41.483727
2,321,45.464733
2,322,42.093307
2,323,57.22523
2,324,
2,325,55.40323
2,326,43.844643
2,327,43.006676
2,328,52.262444
2,329,47.70932
2,330,38.372215
2,331,52.865562
2,332,57.142857
2,333,
2,334,42.13813
2,335,
2,336,48.92198
2,337,48.020466
2,338,52.064224
2,339,48.611717
2,340,42.115032
2,341,39.94452
2,342,
2,343,
2,344,
2,345,62.626263
2,346,47.594536
2,347,59.615383
2,348,54.43038
2,349,54.841614
2,350,
2,351,51.296913
2,352,
2,353,38.359043
2,354,55.608974
2,355,40.189854
2,356,45.877167
2,357,58.422173
2,358,60.464428
2,359,62.37006
2,360,42.28725
2,361,55.291576
2,362,53.333336
2,363,
2,364,50.00015
2,365,
2,366,57.264957
2,367,60.0
2,368,61.952194
2,369,51.72148
2,370,59.130596
2,371,44.669113
2,372,47.296894
2,373,43.148018
2,374,55.75746
2,375,50.22831
2,376,58.391727
2,377,
2,378,50.031086
2,379,62.70166
2,380,52.852657
2,381,59.83232
2,382,
2,383,53.208736
2,384,50.34803
2,385,67.1875
2,386,44.3948
2,387,64.641594
2,388,56.491486
2,389,57.793526
2,390,47.807987
2,391,67.8501
2,392,37.176937
2,393,59.873947
2,394,67.760994
2,395,40.71055
2,396,58.40336
2,397,56.817413
2,398,65.490204
2,399,
2,400,72.513565
2,401,60.290237
2,402,58.745865
2,403,
2,404,62.624115
2,405,66.80844
2,406,60.163933
2,407,61.27049
2,408,54.89708
2,409,55.914886
2,410,44.871796
2,411,51.378414
2,412,54.89708
2,413,60.87264
2,414,56.878395
2,415,
2,416,67.910355
2,417,62.704918
2,418,67.213196
2,419,
2,420,71.278435
2,421,52.054794
2,422,59.294308
2,423,70.39524
2,424,39.113678
2,425,62.56195
2,426,38.846157
2,427,48.155457
2,428,
2,429,73.944954
2,430,77.13344
2,431,70.454544
2,432,62.77666
2,433,68.7619
2,434,51.98257
2,435,66.6423
2,436,56.634216
2,437,72.55986
2,438,62.058403
2,439,
2,440,71.644615
2,441,47.860336
2,442,67.72803
2,443,64.8313
2,444,56.36881
2,445,76.00304
2,446,81.5126
2,447,49.18626
2,448,56.909767
2,449,68.10176
2,450,72.67658
2,451,73.34619
2,452,71.17166
2,453,65.95932
2,454,79.46429
2,455,67.02619
2,456,77.127655
2,457,75.367645
2,458,70.36329
2,459,73.00678
2,460,83.63636
2,461,63.132423
2,462,62.34463
2,463,80.90278
2,464,76.82883
2,465,72.32472
2,466,70.94727
2,467,57.92366
2,468,
2,469,54.173763
2,470,67.0103
2,471,56.434334
2,472,88.63636
2,473,73.14309
2,474,69.17086
2,475,64.91777
2,476,79.520676
2,477,69.00705
2,478,72.565384
2,479,80.988235
2,480,81.56928
2,481,88.96
2,482,
2,483,72.05758
2,484,76.08696
2,485,68.38096
2,486,77.60142
2,487,75.92413
2,488,86.736664
2,489,
2,490,76.48743
2,491,83.39346
2,492,71.197174
2,493,82.37729
2,494,52.695652
2,495,77.07581
2,496,62.171055
2,497,78.184006
2,498,66.96443
2,499,77.46594
2,500,61.264183
2,501,65.810524
2,502,76.18189
2,503,84.03361
2,504,67.85376
2,505,87.32306
2,506,
2,507,88.72847
2,508,71.23095
2,509,72.527466
2,510,74.7424
2,511,
2,512,85.7868
2,513,84.28189
2,514,84.91525
2,515,
2,516,91.536316
2,517,87.25978
2,518,101.04633
2,519,80.719246
2,520,82.28279
2,521,79.52732
2,522,95.33101
2,523,84.485664
2,524,88.685524
2,525,73.098335
2,526,87.5
2,527,80.0625
2,528,89.764656
2,529,88.983055
2,530,59.395973
2,531,82.032555
2,532,70.350136
2,533,90.42904
2,534,80.83252
2,535,81.56663
2,536,73.72938
2,537,80.12257
2,538,92.588394
2,539,98.62118
2,540,90.4179
2,541,91.415665
2,542,79.92383
2,543,95.30659
2,544,72.84553
2,545,98.613556
2,546,86.15385
2,547,
2,548,88.650246
2,549,73.968254
2,550,90.63004
2,551,100.08519
2,552,77.09146
2,553,
2,554,92.41699
2,555,96.22557
2,556,98.459175
2,557,104.244354
2,558,88.12604
2,559,106.610405
2,560,92.098854
2,561,102.87443
2,562,
2,563,88.70031
2,564,81.43776
2,565,102.552795
2,566,88.32312
2,567,88.81774
2,568,108.84831
2,569,93.85722
2,570,
2,571,
2,572,96.56787
2,573,88.635284
2,574,95.42713
2,575,90.63171
2,576,92.613785
2,577,101.81137
2,578,110.37445
2,579,101.796936
2,580,102.24352
2,581,87.82895
2,582,
2,583,96.49327
2,584,99.23312
2,585,106.477516
2,586,87.62211
2,587,122.70861
2,588,89.22249
2,589,108.82727
2,590,108.20679
2,591,113.06241
2,592,99.95803
2,593,120.4754
2,594,
2,595,109.598404
2,596,110.63434
2,597,101.294846
2,598,
2,599,100.40127
2,600,101.92365
2,601,116.25116
2,602,107.89011
2,603,111.48783
2,604,106.57015
2,605,118.99857
2,606,80.65015
2,607,113.7846
2,608,103.432396
2,609,
2,610,104.4454
2,611,87.772194
2,612,122.55304
2,613,117.94148
2,614,105.39674
2,615,102.374374
2,616,117.247696
2,617,115.45566
2,618,109.89506
2,619,104.92258
2,620,104.01808
2,621,104.1616
2,622,122.14016
2,623,114.06328
2,624,130.16501
2,625,130.76518
2,626,110.50901
2,627,110.205345
2,628,118.363716
2,629,122.75285
2,630,111.952484
2,631,100.56001
2,632,112.53536
2,633,116.52994
2,634,130.39268
2,635,126.8025
2,636,123.66498
2,637,121.236534
2,638,117.354836
2,639,110.91192
2,640,122.30193
2,641,120.8545
2,642,116.55963
2,643,120.34649
2,644,112.9318
2,645,110.4836
2,646,127.35631
2,647,121.320496
2,648,120.63274
2,649,112.94235
2,650,122.04486
2,651,114.98078
2,652,113.34464
2,653,123.51001
2,654,
2,655,110.586655
2,656,137.77026
2,657,121.1595
2,658,127.96096
2,659,121.42173
2,660,130.41487
2,661,115.889626
2,662,116.350464
2,663,123.00279
2,664,117.74018
2,665,123.40506
2,666,118.687584
2,667,124.21118
2,668,
2,669,116.67422
2,670,122.07741
2,671,115.65504
2,672,124.56605
2,673,119.16084
2,674,118.405975
2,675,115.20575
2,676,111.876526
2,677,123.37302
2,678,125.30066
2,679,128.7564
2,680,124.0506
2,681,134.47803
2,682,136.60222
2,683,122.638885
2,684,121.937645
2,685,124.68519
2,686,123.36664
2,687,124.638885
2,688,122.967476
2,689,113.32649
2,690,128.75815
2,691,129.02777
2,692,124.985596
2,693,138.7141
2,694,119.97762
2,695,130.18
2,696,124.58851
2,697,123.12139
2,698,135.24455
2,699,129.74338
2,700,128.00009
2,701,141.0364
2,702,127.7826
2,703,125.940674
2,704,125.88512
2,705,113.19444
2,706,125.86241
2,707,130.92926
2,708,
2,709,
2,710,
2,711,113.41808
2,712,122.898346
2,713,
2,714,135.09015
2,715,137.00565
2,716,119.803375
2,717,
2,718,112.85311
2,719,125.10401
2,720,
2,721,
2,722,
2,723,
2,724,118.36159
2,725,
2,726,129.47926
2,727,
2,728,134.4585
2,729,
2,730,
2,731,129.91573
2,732,
2,733,124.717514
2,734,
2,735,
2,736,
2,737,
2,738,131.28531
2,739,
2,740,
2,741,
2,742,
2,743,
2,744,
2,745,
2,746,
2,747,
2,748,
2,749,
2,750,
2,751,
2,752,
2,753,
2,754,
2,755,
2,756,
2,757,
2,758,
2,759,
2,760,
2,761,
2,762,
2,763,
2,764,
2,765,
2,766,
2,767,
2,768,
2,769,
2,770,
2,771,
2,772,
2,773,
2,774,
2,775,
2,776,
2,777,
2,778,
2,779,
2,780,
2,781,
2,782,
2,783,
2,784,
2,785,
2,786,
2,787,
2,788,
2,789,
2,790,
2,791,
2,792,
2,793,
2,794,
2,795,
2,796,
2,797,
2,798,
2,799,
2,800,
2,801,
2,802,
2,803,
2,804,
2,805,
2,806,
2,807,
2,808,
2,809,
2,810,
2,811,
2,812,
2,813,
2,814,
2,815,
2,816,
2,817,
2,818,
2,819,
2,820,
2,821,
2,822,
2,823,
2,824,
2,825,
2,826,
2,827,
2,828,
2,829,
2,830,
2,831,
2,832,
2,833,
2,834,
2,835,
2,836,
2,837,
2,838,
2,839,
2,840,
2,841,
2,842,
2,843,
2,844,
2,845,
2,846,
2,847,
2,848,
2,849,
2,850,
2,851,
2,852,
2,853,
2,854,
2,855,
2,856,
2,857,
2,858,
2,859,
2,860,
2,861,
2,862,
2,863,
2,864,
2,865,
2,866,
2,867,
2,868,
2,869,
2,870,
2,871,
2,872,
2,873,
2,874,
2,875,
2,876,
2,877,
2,878,
2,879,
2,880,
2,881,
2,882,
2,883,
2,884,
2,885,
2,886,
2,887,
2,888,
2,889,
2,890,
2,891,
2,892,
2,893,
2,894,
2,895,
2,896,
2,897,
2,898,
2,899,
2,900,
2,901,
2,902,
2,903,
2,904,
2,905,
2,906,
2,907,
2,908,
2,909,
2,910,
2,911,
2,912,
2,913,
2,914,
2,915,
2,916,
2,917,
2,918,
2,919,
2,920,
2,921,
2,922,
2,923,
2,924,
2,925,
2,926,
2,927,
2,928,
2,929,
2,930,
2,931,
2,932,
2,933,
2,934,
2,935,
2,936,
2,937,
2,938,
2,939,
2,940,
2,941,
2,942,
2,943,
2,944,
2,945,
2,946,
2,947,
2,948,
2,949,
2,950,
2,951,
2,952,
2,953,
2,954,
2,955,
2,956,
2,957,
2,958,
2,959,
2,960,
2,961,
2,962,
2,963,
2,964,
2,965,
2,966,
2,967,
2,968,
2,969,
2,970,
2,971,
2,972,
2,973,
2,974,
2,975,
2,976,
2,977,
2,978,
2,979,
2,980,
2,981,
2,982,
2,983,
2,984,
2,985,
2,986,
2,987,
2,988,
2,989,
2,990,
2,991,
2,992,
2,993,
2,994,
2,995,
2,996,
2,997,
2,998,
2,999,
2,1000,
2,1001,
2,1002,
2,1003,
2,1004,
2,1005,
2,1006,
2,1007,
2,1008,
2,1009,
2,1010,
2,1011,
2,1012,
2,1013,
2,1014,
2,1015,
2,1016,
2,1017,
2,1018,
2,1019,
2,1020,
2,1021,
2,1022,
3,0,
3,1,1.4519304
3,2,2.0227995
3,3,2.397596
3,4,2.6532173
3,5,3.184429
3,6,3.661654
3,7,3.4651656
3,8,4.553797
3,9,4.1766114
3,10,5.300877
3,11,4.996698
3,12,5.902814
3,13,5.479939
3,14,10.529164
3,15,7.5684123
3,16,9.056902
3,17,8.05834
3,18,9.131867
3,19,8.845873
3,20,7.999071
3,21,18.200165
3,22,17.817318
3,23,9.772229
3,24,18.175238
3,25,7.790259
3,26,10.433661
3,27,7.6836495
3,28,23.733507
3,29,9.116637
3,30,7.9095097
3,31,11.381026
3,32,9.425005
3,33,7.9519916
3,34,11.367904
3,35,8.512485
3,36,9.99534
3,37,9.091964
3,38,7.8222947
3,39,9.639144
3,40,7.653961
3,41,7.014102
3,42,8.009138
3,43,5.9369597
3,44,6.109699
3,45,6.778799
3,46,6.7518945
3,47,8.665435
3,48,6.1434183
3,49,5.593732
3,50,6.6398773
3,51,7.676289
3,52,6.750646
3,53,8.076855
3,54,5.7204943
3,55,6.4605546
3,56,6.5311785
3,57,8.791531
3,58,7.1690335
3,59,6.726694
3,60,8.098847
3,61,8.027665
3,62,7.499691
3,63,7.7234726
3,64,9.406581
3,65,7.3627667
3,66,8.058067
3,67,9.637653
3,68,8.4966755
3,69,9.972798
3,70,7.372063
3,71,8.040444
3,72,8.904364
3,73,8.217579
3,74,6.3343186
3,75,9.020164
3,76,9.668072
3,77,9.566854
3,78,8.96343
3,79,9.802418
3,80,10.673535
3,81,10.231894
3,82,10.630229
3,83,11.911471
3,84,10.807124
3,85,9.607483
3,86,10.466294
3,87,11.231509
3,88,12.832068
3,89,11.764251
3,90,10.732857
3,91,13.491746
3,92,11.490057
3,93,11.316383
3,94,12.276418
3,95,11.929251
3,96,13.254797
3,97,12.033765
3,98,12.455041
3,99,11.063085
3,100,13.457401
3,101,13.8830185
3,102,14.415529
3,103,13.758263
3,104,16.072832
3,105,14.299979
3,106,16.143642
3,107,14.998622
3,108,13.881179
3,109,16.230627
3,110,16.60405
3,111,15.329861
3,112,17.889534
3,113,16.773129
3,114,16.822739
3,115,18.628775
3,116,18.347916
3,117,18.62207
3,118,18.576075
3,119,18.733015
3,120,19.051231
3,121,16.995352
3,122,20.044802
3,123,21.376648
3,124,18.312073
3,125,19.540638
3,126,18.999197
3,127,19.40442
3,128,21.046219
3,129,20.99827
3,130,21.41754
3,131,22.70638
3,132,20.36785
3,133,21.89727
3,134,21.962276
3,135,22.562037
3,136,23.382318
3,137,21.241827
3,138,24.095114
3,139,23.520079
3,140,24.200832
3,141,23.92009
3,142,23.203163
3,143,23.346567
3,144,24.54197
3,145,26.614187
3,146,22.440784
3,147,23.478567
3,148,23.441624
3,149,25.81031
3,150,24.152681
3,151,25.679567
3,152,27.160425
3,153,28.467508
3,154,27.226093
3,155,26.494856
3,156,28.000072
3,157,25.892332
3,158,27.483997
3,159,26.472933
3,160,29.885036
3,161,29.709175
3,162,27.340332
3,163,30.416845
3,164,29.41426
3,165,32.96943
3,166,31.195726
3,167,31.126614
3,168,31.148039
3,169,31.443233
3,170,30.533098
3,171,30.927883
3,172,34.188126
3,173,30.268444
3,174,33.100388
3,175,32.327187
3,176,32.380646
3,177,34.74984
3,178,33.407955
3,179,30.956415
3,180,32.771423
3,181,32.688953
3,182,36.934444
3,183,33.34061
3,184,32.72408
3,185,35.343925
3,186,34.178074
3,187,38.35473
3,188,33.533207
3,189,34.312984
3,190,36.152668
3,191,38.523438
3,192,37.665062
3,193,37.90477
3,194,39.317165
3,195,34.86835
3,196,40.688858
3,197,39.679405
3,198,37.383373
3,199,40.254715
3,200,38.793587
3,201,38.52936
3,202,36.659378
3,203,40.42213
3,204,46.70674
3,205,40.350876
3,206,41.201164
3,207,45.7905
3,208,41.550995
3,209,46.943203
3,210,45.466396
3,211,42.178867
3,212,43.290184
3,213,42.679455
3,214,38.249733
3,215,42.563877
3,216,43.90638
3,217,42.46037
3,218,41.559074
3,219,44.9376
3,220,47.21368
3,221,43.669296
3,222,44.450832
3,223,43.89094
3,224,44.50133
3,225,46.970085
3,226,44.241863
3,227,44.326366
3,228,47.877167
3,229,47.93879
3,230,48.119728
3,231,48.42411
3,232,48.913452
3,233,50.385597
3,234,46.957664
3,235,50.447704
3,236,48.39304
3,237,51.22037
3,238,50.214294
3,239,50.901714
3,240,46.874336
3,241,47.636204
3,242,52.04865
3,243,48.924107
3,244,51.273674
3,245,49.676853
3,246,48.341686
3,247,50.77248
3,248,54.59968
3,249,49.761803
3,250,50.93974
3,251,52.39527
3,252,51.10668
3,253,53.41581
3,254,52.10344
3,255,53.996193
3,256,52.27494
3,257,52.284435
3,258,52.982193
3,259,52.805584
3,260,53.612385
3,261,49.57746
3,262,53.98948
3,263,54.239872
3,264,54.461426
3,265,54.487038
3,266,52.42998
3,267,54.132683
3,268,55.22916
3,269,55.06294
3,270,53.611732
3,271,52.60979
3,272,50.842102
3,273,54.025883
3,274,
3,275,52.901978
3,276,53.992393
3,277,
3,278,
3,279,
3,280,
3,281,
3,282,
3,283,
3,284,
3,285,
3,286,
3,287,
3,288,
3,289,
3,290,
3,291,
3,292,
3,293,
3,294,
3,295,
3,296,
3,297,
3,298,
3,299,
3,300,
3,301,
3,302,
3,303,
3,304,
3,305,
3,306,
3,307,
3,308,
3,309,
3,310,
3,311,
3,312,
3,313,
3,314,
3,315,
3,316,
3,317,
3,318,
3,319,
3,320,
3,321,
3,322,
3,323,
3,324,
3,325,
3,326,
3,327,
3,328,
3,329,
3,330,
3,331,
3,332,
3,333,
3,334,
3,335,
3,336,
3,337,
3,338,
3,339,
3,340,
3,341,
3,342,
3,343,
3,344,
3,345,
3,346,
3,347,
3,348,
3,349,
3,350,
3,351,
3,352,
3,353,
3,354,
3,355,
3,356,
3,357,
3,358,
3,359,
3,360,
3,361,
3,362,
3,363,
3,364,
3,365,
3,366,
3,367,
3,368,
3,369,
3,370,
3,371,
3,372,
3,373,
3,374,
3,375,
3,376,
3,377,
3,378,
3,379,
3,380,
3,381,
3,382,
3,383,
3,384,
3,385,
3,386,
3,387,
3,388,
3,389,
3,390,
3,391,
3,392,
3,393,
3,394,
3,395,
3,396,
3,397,
3,398,
3,399,
3,400,
3,401,
3,402,
3,403,
3,404,
3,405,
3,406,
3,407,
3,408,
3,409,
3,410,
3,411,
3,412,
3,413,
3,414,
3,415,
3,416,
3,417,
3,418,
3,419,
3,420,
3,421,
3,422,
3,423,
3,424,
3,425,
3,426,
3,427,
3,428,
3,429,
3,430,
3,431,
3,432,
3,433,
3,434,
3,435,
3,436,
3,437,
3,438,
3,439,
3,440,
3,441,
3,442,
3,443,
3,444,
3,445,
3,446,
3,447,
3,448,
3,449,
3,450,
3,451,
3,452,
3,453,
3,454,
3,455,
3,456,
3,457,
3,458,
3,459,
3,460,
3,461,
3,462,
3,463,
3,464,
3,465,
3,466,
3,467,
3,468,
3,469,
3,470,
3,471,
3,472,
3,473,
3,474,
3,475,
3,476,
3,477,
3,478,
3,479,
3,480,
3,481,
3,482,
3,483,
3,484,
3,485,
3,486,
3,487,
3,488,
3,489,
3,490,
3,491,
3,492,
3,493,
3,494,
3,495,
3,496,
3,497,
3,498,
3,499,
3,500,
3,501,
3,502,
3,503,
3,504,
3,505,
3,506,
3,507,
3,508,
3,509,
3,510,
3,511,
3,512,
3,513,
3,514,
3,515,
3,516,
3,517,
3,518,
3,519,
3,520,
3,521,
3,522,
3,523,
3,524,
3,525,
3,526,
3,527,
3,528,
3,529,
3,530,
3,531,
3,532,
3,533,
3,534,
3,535,
3,536,
3,537,
3,538,
3,539,
3,540,
3,541,
3,542,
3,543,
3,544,
3,545,
3,546,
3,547,
3,548,
3,549,
3,550,
3,551,
3,552,
3,553,
3,554,
3,555,
3,556,
3,557,
3,558,
3,559,
3,560,
3,561,
3,562,
3,563,
3,564,
3,565,
3,566,
3,567,
3,568,
3,569,
3,570,
3,571,
3,572,
3,573,
3,574,
3,575,
3,576,
3,577,
3,578,
3,579,
3,580,
3,581,
3,582,
3,583,
3,584,
3,585,
3,586,
3,587,
3,588,
3,589,
3,590,
3,591,
3,592,
3,593,
3,594,
3,595,
3,596,
3,597,
3,598,
3,599,
3,600,
3,601,
3,602,
3,603,
3,604,
3,605,
3,606,
3,607,
3,608,
3,609,
3,610,
3,611,
3,612,
3,613,
3,614,
3,615,
3,616,
3,617,
3,618,
3,619,
3,620,
3,621,
3,622,
3,623,
3,624,
3,625,
3,626,
3,627,
3,628,
3,629,
3,630,
3,631,
3,632,
3,633,
3,634,
3,635,
3,636,
3,637,
3,638,
3,639,
3,640,
3,641,
3,642,
3,643,
3,644,
3,645,
3,646,
3,647,
3,648,
3,649,
3,650,
3,651,
3,652,
3,653,
3,654,
3,655,
3,656,
3,657,
3,658,
3,659,
3,660,
3,661,
3,662,
3,663,
3,664,
3,665,
3,666,
3,667,
3,668,
3,669,
3,670,
3,671,
3,672,
3,673,
3,674,
3,675,
3,676,
3,677,
3,678,
3,679,
3,680,
3,681,
3,682,
3,683,
3,684,
3,685,
3,686,
3,687,
3,688,
3,689,
3,690,
3,691,
3,692,
3,693,
3,694,
3,695,
3,696,
3,697,
3,698,
3,699,
3,700,
3,701,
3,702,
3,703,
3,704,
3,705,
3,706,
3,707,
3,708,
3,709,
3,710,
3,711,
3,712,
3,713,
3,714,
3,715,
3,716,
3,717,
3,718,
3,719,
3,720,
3,721,
3,722,
3,723,
3,724,
3,725,
3,726,
3,727,
3,728,
3,729,
3,730,
3,731,
3,732,
3,733,
3,734,
3,735,
3,736,
3,737,
3,738,
3,739,
3,740,
3,741,
3,742,
3,743,
3,744,
3,745,
3,746,
3,747,
3,748,
3,749,
3,750,
3,751,
3,752,
3,753,
3,754,
3,755,
3,756,
3,757,
3,758,
3,759,
3,760,
3,761,
3,762,
3,763,
3,764,
3,765,
3,766,
3,767,
3,768,
3,769,
3,770,
3,771,
3,772,
3,773,
3,774,
3,775,
3,776,
3,777,
3,778,
3,779,
3,780,
3,781,
3,782,
3,783,
3,784,
3,785,
3,786,
3,787,
3,788,
3,789,
3,790,
3,791,
3,792,
3,793,
3,794,
3,795,
3,796,
3,797,
3,798,
3,799,
3,800,
3,801,
3,802,
3,803,
3,804,
3,805,
3,806,
3,807,
3,808,
3,809,
3,810,
3,811,
3,812,
3,813,
3,814,
3,815,
3,816,
3,817,
3,818,
3,819,
3,820,
3,821,
3,822,
3,823,
3,824,
3,825,
3,826,
3,827,
3,828,
3,829,
3,830,
3,831,
3,832,
3,833,
3,834,
3,835,
3,836,
3,837,
3,838,
3,839,
3,840,
3,841,
3,842,
3,843,
3,844,
3,845,
3,846,
3,847,
3,848,
3,849,
3,850,
3,851,
3,852,
3,853,
3,854,
3,855,
3,856,
3,857,
3,858,
3,859,
3,860,
3,861,
3,862,
3,863,
3,864,
3,865,
3,866,
3,867,
3,868,
3,869,
3,870,
3,871,
3,872,
3,873,
3,874,
3,875,
3,876,
3,877,
3,878,
3,879,
3,880,
3,881,
3,882,
3,883,
3,884,
3,885,
3,886,
3,887,
3,888,
3,889,
3,890,
3,891,
3,892,
3,893,
3,894,
3,895,
3,896,
3,897,
3,898,
3,899,
3,900,
3,901,
3,902,
3,903,
3,904,
3,905,
3,906,
3,907,
3,908,
3,909,
3,910,
3,911,
3,912,
3,913,
3,914,
3,915,
3,916,
3,917,
3,918,
3,919,
3,920,
3,921,
3,922,
3,923,
3,924,
3,925,
3,926,
3,927,
3,928,
3,929,
3,930,
3,931,
3,932,
3,933,
3,934,
3,935,
3,936,
3,937,
3,938,
3,939,
3,940,
3,941,
3,942,
3,943,
3,944,
3,945,
3,946,
3,947,
3,948,
3,949,
3,950,
3,951,
3,952,
3,953,
3,954,
3,955,
3,956,
3,957,
3,958,
3,959,
3,960,
3,961,
3,962,
3,963,
3,964,
3,965,
3,966,
3,967,
3,968,
3,969,
3,970,
3,971,
3,972,
3,973,
3,974,
3,975,
3,976,
3,977,
3,978,
3,979,
3,980,
3,981,
3,982,
3,983,
3,984,
3,985,
3,986,
3,987,
3,988,
3,989,
3,990,
3,991,
3,992,
3,993,
3,994,
3,995,
3,996,
3,997,
3,998,
3,999,
3,1000,
3,1001,
3,1002,
3,1003,
3,1004,
3,1005,
3,1006,
3,1007,
3,1008,
3,1009,
3,1010,
3,1011,
3,1012,
3,1013,
3,1014,
3,1015,
3,1016,
3,1017,
3,1018,
3,1019,
3,1020,
3,1021,
3,1022,
4,0,
4,1,
4,2,
4,3,
4,4,
4,5,
4,6,
4,7,
4,8,
4,9,5.882353
4,10,0.44642857
4,11,2.777778
4,12,0.5040374
4,13,0.9269082
4,14,2.6621222
4,15,0.92932403
4,16,
4,17,1.5278809
4,18,2.2013803
4,19,0.9437901
4,20,1.2821926
4,21,0.7988005
4,22,1.5873117
4,23,0.65164685
4,24,0.6583734
4,25,0.68246335
4,26,0.9358063
4,27,0.71273744
4,28,0.8435805
4,29,1.1199697
4,30,0.5613892
4,31,1.1802695
4,32,2.180298
4,33,0.7522955
4,34,0.77874124
4,35,0.74552745
4,36,3.0720828
4,37,5.952234
4,38,6.6440063
4,39,4.549758
4,40,2.860475
4,41,1.2602744
4,42,1.6189865
4,43,1.800387
4,44,4.266482
4,45,3.710002
4,46,4.2270355
4,47,4.9143786
4,48,15.83953
4,49,19.558567
4,50,7.08028
4,51,3.565607
4,52,3.4346175
4,53,7.3662753
4,54,2.5087488
4,55,3.9825516
4,56,8.4180975
4,57,2.0630658
4,58,4.032794
4,59,2.3760376
4,60,1.819108
4,61,2.856017
4,62,2.511836
4,63,8.322978
4,64,2.5278146
4,65,3.3144388
4,66,3.4900215
4,67,6.187379
4,68,2.4261851
4,69,3.4214063
4,70,1.9578352
4,71,2.6939929
4,72,2.1184719
4,73,3.3896394
4,74,2.3716068
4,75,2.9942856
4,76,2.1439364
4,77,2.7333665
4,78,2.671409
4,79,2.8784575
4,80,2.463084
4,81,5.679212
4,82,2.6201506
4,83,2.132631
4,84,7.081969
4,85,2.5952876
4,86,3.2987027
4,87,3.5515068
4,88,2.1329346
4,89,2.2861009
4,90,2.695912
4,91,2.6049883
4,92,2.689495
4,93,2.4406936
4,94,2.9312851
4,95,2.0865817
4,96,2.1740346
4,97,1.9647317
4,98,2.756723
4,99,1.6291876
4,100,2.3923051
4,101,2.053595
4,102,2.0073044
4,103,2.3077943
4,104,2.336784
4,105,2.830754
4,106,1.960672
4,107,2.6898117
4,108,2.545769
4,109,2.4916599
4,110,2.4781387
4,111,2.3044326
4,112,1.9915489
4,113,2.337185
4,114,2.08147
4,115,1.9486389
4,116,2.2173908
4,117,2.2816117
4,118,2.0183861
4,119,2.221879
4,120,2.335231
4,121,1.7643608
4,122,1.9881586
4,123,2.2271166
4,124,2.068934
4,125,2.1030705
4,126,1.7888356
4,127,2.329669
4,128,1.9343375
4,129,2.2300746
4,130,2.3379025
4,131,2.720293
4,132,1.3285377
4,133,1.8188566
4,134,1.6795231
4,135,1.9814845
4,136,2.1826653
4,137,1.8999553
4,138,1.9841021
4,139,2.1484783
4,140,2.2743955
4,141,1.7735039
4,142,2.0515375
4,143,1.701874
4,144,1.7454088
4,145,1.5915033
4,146,1.8448229
4,147,1.766898
4,148,1.2244076
4,149,1.2170783
4,150,2.287715
4,151,2.1421864
4,152,2.1680136
4,153,1.6609743
4,154,1.9500463
4,155,1.5462458
4,156,1.8891168
4,157,1.7449526
4,158,1.1392149
4,159,1.6770415
4,160,1.578732
4,161,2.2921364
4,162,2.3473482
4,163,2.1692836
4,164,2.0388346
4,165,2.3379297
4,166,1.5703413
4,167,2.004343
4,168,1.5139332
4,169,1.9894693
4,170,1.9769101
4,171,2.0095928
4,172,2.0704105
4,173,2.182228
4,174,2.1163583
4,175,2.054344
4,176,2.0598629
4,177,1.726651
4,178,1.4029955
4,179,1.9076257
4,180,1.7306201
4,181,1.885729
4,182,1.6978716
4,183,2.2122219
4,184,2.2239115
4,185,1.7244294
4,186,2.0713005
4,187,1.811536
4,188,1.5546535
4,189,1.6650269
4,190,2.151377
4,191,2.0737953
4,192,2.320296
4,193,1.6841354
4,194,2.2076766
4,195,1.6899241
4,196,1.8530073
4,197,1.9406489
4,198,2.0919614
4,199,1.963501
4,200,1.9288753
4,201,1.9078146
4,202,1.77636
4,203,2.078351
4,204,1.084278
4,205,2.0944974
4,206,1.9894136
4,207,2.0507588
4,208,1.6958799
4,209,1.369573
4,210,2.0051644
4,211,2.0910387
4,212,2.0358915
4,213,2.4312165
4,214,2.1769397
4,215,1.9930239
4,216,1.9869682
4,217,2.0343862
4,218,2.2548127
4,219,1.935461
4,220,2.0592666
4,221,2.0422926
4,222,1.786482
4,223,1.82328
4,224,2.0021229
4,225,1.6247153
4,226,1.8298663
4,227,2.0124135
4,228,2.2185736
4,229,2.23784
4,230,1.9733955
4,231,1.8015739
4,232,2.1913638
4,233,2.1950052
4,234,1.808953
4,235,1.9961933
4,236,2.0347974
4,237,1.899874
4,238,2.3473694
4,239,1.6427671
4,240,2.111253
4,241,2.1502988
4,242,1.7853966
4,243,1.7612276
4,244,1.5032636
4,245,1.6162136
4,246,1.8949951
4,247,1.7355361
4,248,2.2046673
4,249,2.0883553
4,250,1.5036516
4,251,1.68169
4,252,1.9345428
4,253,1.948477
4,254,2.1376498
4,255,2.0804722
4,256,1.9006053
4,257,2.1572561
4,258,2.0060167
4,259,1.8041475
4,260,1.9874675
4,261,2.1141624
4,262,1.9513793
4,263,1.8261013
4,264,1.9287479
4,265,1.9377053
4,266,1.9222668
4,267,2.0231605
4,268,2.033808
4,269,1.1452674
4,270,1.4912969
4,271,2.3070073
4,272,1.7286657
4,273,2.080535
4,274,2.0149195
4,275,2.1143265
4,276,2.0852995
4,277,1.9057266
4,278,1.7544833
4,279,2.0769572
4,280,1.5726985
4,281,2.027577
4,282,1.8687283
4,283,1.8614233
4,284,1.9542153
4,285,2.04466
4,286,1.984777
4,287,1.804892
4,288,2.1499267
4,289,2.0163608
4,290,1.9802879
4,291,1.5580977
4,292,1.8859181
4,293,1.8003957
4,294,1.6554769
4,295,2.2405195
4,296,1.8645055
4,297,1.7602222
4,298,1.9215798
4,299,2.1220837
4,300,2.2335436
4,301,1.9305595
4,302,2.083651
4,303,1.8747889
4,304,1.731293
4,305,1.6138017
4,306,2.222656
4,307,1.9089034
4,308,1.9762855
4,309,1.5783902
4,310,1.8697362
4,311,1.6462686
4,312,2.0330372
4,313,1.9143573
4,314,1.7379848
4,315,1.831133
4,316,1.6454531
4,317,2.0238528
4,318,1.6732078
4,319,2.0129333
4,320,2.0934916
4,321,1.6900828
4,322,1.9318047
4,323,2.0480638
4,324,1.9253514
4,325,1.8278455
4,326,1.9621499
4,327,1.6830823
4,328,2.1217399
4,329,2.0217564
4,330,1.9038012
4,331,1.7578808
4,332,1.8393377
4,333,1.7884605
4,334,1.8562361
4,335,1.8833169
4,336,2.0077345
4,337,2.192608
4,338,2.1952784
4,339,1.8823704
4,340,1.7829086
4,341,2.0924158
4,342,1.7898376
4,343,2.0172758
4,344,2.0752256
4,345,2.0287557
4,346,1.8950135
4,347,2.1834002
4,348,1.9250662
4,349,2.0742292
4,350,1.9752761
4,351,1.6781324
4,352,2.1698835
4,353,1.6817416
4,354,1.8241993
4,355,1.9936585
4,356,1.989242
4,357,1.8593152
4,358,1.7610756
4,359,2.0609384
4,360,1.5878916
4,361,1.7329788
4,362,2.136029
4,363,1.8503511
4,364,1.7422495
4,365,2.0215962
4,366,1.8632835
4,367,1.9807572
4,368,1.9735671
4,369,1.87216
4,370,1.9207901
4,371,1.8196402
4,372,2.080239
4,373,2.1330152
4,374,1.9587386
4,375,2.0591464
4,376,2.1390374
4,377,1.7545657
4,378,1.7745763
4,379,1.1665889
4,380,1.7947677
4,381,2.1187305
4,382,1.8781784
4,383,1.937173
4,384,2.0362477
4,385,2.0439444
4,386,1.8863156
4,387,2.0150201
4,388,2.1096427
4,389,1.9112445
4,390,1.9660751
4,391,1.8132596
4,392,1.9303412
4,393,1.5157257
4,394,2.077348
4,395,2.015401
4,396,1.8133403
4,397,1.9317032
4,398,1.9784484
4,399,2.0033412
4,400,1.9686121
4,401,1.9699115
4,402,1.9835756
4,403,1.7285188
4,404,1.703927
4,405,1.7096786
4,406,1.9871286
4,407,2.0228786
4,408,1.8768959
4,409,2.1048646
4,410,2.0022745
4,411,2.0509152
4,412,1.8184539
4,413,1.9756825
4,414,1.9551083
4,415,2.0175452
4,416,1.9355143
4,417,1.995915
4,418,1.92684
4,419,1.7634673
4,420,1.9174664
4,421,2.0132577
4,422,2.0024605
4,423,1.9663424
4,424,1.9723512
4,425,1.9796873
4,426,1.3808477
4,427,2.0595737
4,428,1.9176726
4,429,1.9566673
4,430,2.011594
4,431,1.9449703
4,432,2.0078285
4,433,1.9014547
4,434,2.0789285
4,435,1.9407586
4,436,2.0532956
4,437,1.957904
4,438,2.034666
4,439,2.024771
4,440,1.9574164
4,441,1.930709
4,442,1.9550198
4,443,2.008397
4,444,2.023095
4,445,1.7834448
4,446,1.9898843
4,447,1.9541359
4,448,1.9323169
4,449,2.0095057
4,450,1.9269607
4,451,2.0098212
4,452,1.9798539
4,453,1.760142
4,454,1.9744232
4,455,2.0186894
4,456,1.9746156
4,457,2.0209005
4,458,1.9858663
4,459,1.9015038
4,460,2.016366
4,461,1.9663737
4,462,2.014683
4,463,1.9589906
4,464,1.9638298
4,465,1.9142151
4,466,1.9828339
4,467,1.9665813
4,468,2.006023
4,469,1.930095
4,470,2.0207503
4,471,1.9246937
4,472,1.8880132
4,473,2.001724
4,474,1.9798553
4,475,1.9614065
4,476,1.9645896
4,477,1.9718115
4,478,2.0090516
4,479,1.9873769
4,480,2.0008624
4,481,1.892929
4,482,1.9519628
4,483,1.9726318
4,484,1.9571133
4,485,1.9653101
4,486,1.9390742
4,487,1.9208378
4,488,1.9829056
4,489,1.9935771
4,490,1.9661685
4,491,1.8981856
4,492,1.9798741
4,493,1.9415507
4,494,1.9816521
4,495,1.9252537
4,496,1.9847282
4,497,1.9149126
4,498,1.9560032
4,499,1.9866853
4,500,1.9042605
4,501,1.9752501
4,502,1.9850688
4,503,1.9744123
4,504,1.9243648
4,505,1.9628474
4,506,1.9777088
4,507,1.9746904
4,508,1.9658616
4,509,1.9898245
4,510,1.9695836
4,511,1.9633226
4,512,1.9759351
4,513,1.9802985
4,514,1.9079398
4,515,1.9691188
4,516,1.967462
4,517,1.9557991
4,518,1.9732312
4,519,1.971095
4,520,1.9952577
4,521,1.9444642
4,522,1.9819651
4,523,1.9696385
4,524,1.9868848
4,525,1.8886516
4,526,1.9196681
4,527,1.960775
4,528,1.9810702
4,529,1.9922731
4,530,1.9614823
4,531,1.9756658
4,532,1.9370655
4,533,1.9800655
4,534,1.9986979
4,535,1.9996527
4,536,1.9333588
4,537,1.9813141
4,538,1.9796906
4,539,1.9803303
4,540,1.959871
4,541,1.9763415
4,542,1.9874877
4,543,1.9608148
4,544,1.9656017
4,545,1.9030848
4,546,1.9224926
4,547,1.9810882
4,548,1.9800993
4,549,1.9730536
4,550,1.9887081
4,551,1.9763368
4,552,1.9711134
4,553,1.9794207
4,554,1.955259
4,555,1.9082824
4,556,1.96542
4,557,1.8833225
4,558,1.9278785
4,559,1.9687493
4,560,1.970127
4,561,1.9371715
4,562,1.9902325
4,563,1.9842308
4,564,2.0005445
4,565,1.9849567
4,566,1.9360319
4,567,1.9681405
4,568,1.8818523
4,569,1.9841592
4,570,1.9838711
4,571,1.9977512
4,572,1.9632473
4,573,1.9919182
4,574,1.991184
4,575,1.9879687
4,576,1.9127268
4,577,1.9698347
4,578,1.9913529
4,579,1.9778156
4,580,1.9419183
4,581,1.9760152
4,582,1.984708
4,583,1.9802313
4,584,1.983551
4,585,1.9425352
4,586,1.957835
4,587,1.9642733
4,588,1.9964386
4,589,2.0151134
4,590,1.9899417
4,591,1.9985465
4,592,1.9954114
4,593,1.988431
4,594,1.9828378
4,595,
4,596,2.014846
4,597,
4,598,1.9862766
4,599,1.9960203
4,600,1.9774204
4,601,2.006567
4,602,2.0035777
4,603,
4,604,
4,605,
4,606,
4,607,
4,608,
4,609,
4,610,
4,611,
4,612,
4,613,
4,614,
4,615,
4,616,
4,617,
4,618,
4,619,
4,620,
4,621,
4,622,
4,623,
4,624,
4,625,
4,626,
4,627,
4,628,
4,629,
4,630,
4,631,
4,632,
4,633,
4,634,
4,635,
4,636,
4,637,
4,638,
4,639,
4,640,
4,641,
4,642,
4,643,
4,644,
4,645,
4,646,
4,647,
4,648,
4,649,
4,650,
4,651,
4,652,
4,653,
4,654,
4,655,
4,656,
4,657,
4,658,
4,659,
4,660,
4,661,
4,662,
4,663,
4,664,
4,665,
4,666,
4,667,
4,668,
4,669,
4,670,
4,671,
4,672,
4,673,
4,674,
4,675,
4,676,
4,677,
4,678,
4,679,
4,680,
4,681,
4,682,
4,683,
4,684,
4,685,
4,686,
4,687,
4,688,
4,689,
4,690,
4,691,
4,692,
4,693,
4,694,
4,695,
4,696,
4,697,
4,698,
4,699,
4,700,
4,701,
4,702,
4,703,
4,704,
4,705,
4,706,
4,707,
4,708,
4,709,
4,710,
4,711,
4,712,
4,713,
4,714,
4,715,
4,716,
4,717,
4,718,
4,719,
4,720,
4,721,
4,722,
4,723,
4,724,
4,725,
4,726,
4,727,
4,728,
4,729,
4,730,
4,731,
4,732,
4,733,
4,734,
4,735,
4,736,
4,737,
4,738,
4,739,
4,740,
4,741,
4,742,
4,743,
4,744,
4,745,
4,746,
4,747,
4,748,
4,749,
4,750,
4,751,
4,752,
4,753,
4,754,
4,755,
4,756,
4,757,
4,758,
4,759,
4,760,
4,761,
4,762,
4,763,
4,764,
4,765,
4,766,
4,767,
4,768,
4,769,
4,770,
4,771,
4,772,
4,773,
4,774,
4,775,
4,776,
4,777,
4,778,
4,779,
4,780,
4,781,
4,782,
4,783,
4,784,
4,785,
4,786,
4,787,
4,788,
4,789,
4,790,
4,791,
4,792,
4,793,
4,794,
4,795,
4,796,
4,797,
4,798,
4,799,
4,800,
4,801,
4,802,
4,803,
4,804,
4,805,
4,806,
4,807,
4,808,
4,809,
4,810,
4,811,
4,812,
4,813,
4,814,
4,815,
4,816,
4,817,
4,818,
4,819,
4,820,
4,821,
4,822,
4,823,
4,824,
4,825,
4,826,
4,827,
4,828,
4,829,
4,830,
4,831,
4,832,
4,833,
4,834,
4,835,
4,836,
4,837,
4,838,
4,839,
4,840,
4,841,
4,842,
4,843,
4,844,
4,845,
4,846,
4,847,
4,848,
4,849,
4,850,
4,851,
4,852,
4,853,
4,854,
4,855,
4,856,
4,857,
4,858,
4,859,
4,860,
4,861,
4,862,
4,863,
4,864,
4,865,
4,866,
4,867,
4,868,
4,869,
4,870,
4,871,
4,872,
4,873,
4,874,
4,875,
4,876,
4,877,
4,878,
4,879,
4,880,
4,881,
4,882,
4,883,
4,884,
4,885,
4,886,
4,887,
4,888,
4,889,
4,890,
4,891,
4,892,
4,893,
4,894,
4,895,
4,896,
4,897,
4,898,
4,899,
4,900,
4,901,
4,902,
4,903,
4,904,
4,905,
4,906,
4,907,
4,908,
4,909,
4,910,
4,911,
4,912,
4,913,
4,914,
4,915,
4,916,
4,917,
4,918,
4,919,
4,920,
4,921,
4,922,
4,923,
4,924,
4,925,
4,926,
4,927,
4,928,
4,929,
4,930,
4,931,
4,932,
4,933,
4,934,
4,935,
4,936,
4,937,
4,938,
4,939,
4,940,
4,941,
4,942,
4,943,
4,944,
4,945,
4,946,
4,947,
4,948,
4,949,
4,950,
4,951,
4,952,
4,953,
4,954,
4,955,
4,956,
4,957,
4,958,
4,959,
4,960,
4,961,
4,962,
4,963,
4,964,
4,965,
4,966,
4,967,
4,968,
4,969,
4,970,
4,971,
4,972,
4,973,
4,974,
4,975,
4,976,
4,977,
4,978,
4,979,
4,980,
4,981,
4,982,
4,983,
4,984,
4,985,
4,986,
4,987,
4,988,
4,989,
4,990,
4,991,
4,992,
4,993,
4,994,
4,995,
4,996,
4,997,
4,998,
4,999,
4,1000,
4,1001,
4,1002,
4,1003,
4,1004,
4,1005,
4,1006,
4,1007,
4,1008,
4,1009,
4,1010,
4,1011,
4,1012,
4,1013,
4,1014,
4,1015,
4,1016,
4,1017,
4,1018,
4,1019,
4,1020,
4,1021,
4,1022,
